Image No.,Affordance,Ground_Truth_Affordance,Predicted Affordance,Confidence Score
1,Hazard,FALSE,FALSE,0.98022604
1,Traffic,0,TRUE,0.59618306
1,SpeedSign,-1,-1,0.9875722
1,Vehicle,50,50,
1,CenterDist,0.367385969,0.348112989,
1,Relative Angle,-3.141586262,-0.066191361,
2,Hazard,FALSE,FALSE,0.9834759
2,Traffic,0,FALSE,0.5025421
2,SpeedSign,-1,-1,0.98491424
2,Vehicle,50,50,
2,CenterDist,0.367385969,0.349817555,
2,Relative Angle,-3.141586262,-0.070179189,
3,Hazard,FALSE,FALSE,0.98297966
3,Traffic,0,TRUE,0.50052327
3,SpeedSign,-1,-1,0.97694176
3,Vehicle,50,50,
3,CenterDist,0.367385969,0.354735496,
3,Relative Angle,-3.141586262,-0.071619344,
4,Hazard,FALSE,FALSE,0.9829214
4,Traffic,0,FALSE,0.5056927
4,SpeedSign,-1,-1,0.96556824
4,Vehicle,50,50,
4,CenterDist,0.367385969,0.354950886,
4,Relative Angle,-3.141586262,-0.073363053,
5,Hazard,FALSE,FALSE,0.9753137
5,Traffic,0,TRUE,0.72894466
5,SpeedSign,-1,-1,0.9787947
5,Vehicle,50,50,
5,CenterDist,0.367385969,0.358175974,
5,Relative Angle,-3.141586262,-0.071678592,
6,Hazard,FALSE,FALSE,0.95706254
6,Traffic,0,TRUE,0.56472045
6,SpeedSign,-1,-1,0.9321009
6,Vehicle,50,50,
6,CenterDist,0.367385969,0.354292218,
6,Relative Angle,-3.141586262,-0.069982345,
7,Hazard,FALSE,FALSE,0.91501045
7,Traffic,0,TRUE,0.624567
7,SpeedSign,-1,-1,0.96597755
7,Vehicle,50,50,
7,CenterDist,0.367385969,0.354501949,
7,Relative Angle,-3.141586262,-0.064828522,
8,Hazard,FALSE,FALSE,0.88851804
8,Traffic,0,TRUE,0.69575185
8,SpeedSign,-1,-1,0.94791853
8,Vehicle,50,49.99856949,
8,CenterDist,0.367385969,0.354861079,
8,Relative Angle,-3.141586262,-0.058598059,
9,Hazard,FALSE,FALSE,0.82882047
9,Traffic,0,TRUE,0.68165416
9,SpeedSign,-1,-1,0.9331826
9,Vehicle,50,49.99708533,
9,CenterDist,0.367385969,0.373594766,
9,Relative Angle,-3.141586262,-0.045286,
10,Hazard,FALSE,FALSE,0.7625242
10,Traffic,0,TRUE,0.58615303
10,SpeedSign,-1,-1,0.95579517
10,Vehicle,50,49.99248385,
10,CenterDist,0.367385969,0.402802483,
10,Relative Angle,-3.141586262,-0.026344932,
11,Hazard,FALSE,FALSE,0.8017038
11,Traffic,0,TRUE,0.55337876
11,SpeedSign,-1,-1,0.97984546
11,Vehicle,50,49.9895215,
11,CenterDist,0.367385969,0.451909659,
11,Relative Angle,-3.141586262,-0.01558721,
12,Hazard,FALSE,FALSE,0.7849769
12,Traffic,0,TRUE,0.59638244
12,SpeedSign,-1,-1,0.97797376
12,Vehicle,50,49.98349547,
12,CenterDist,0.367385969,0.477755535,
12,Relative Angle,-3.141586262,-0.00961909,
13,Hazard,FALSE,FALSE,0.72117996
13,Traffic,0,TRUE,0.5082931
13,SpeedSign,-1,-1,0.96507674
13,Vehicle,50,49.98104572,
13,CenterDist,0.367385969,0.502608169,
13,Relative Angle,-3.141586262,-0.006864925,
14,Hazard,FALSE,FALSE,0.68155545
14,Traffic,0,FALSE,0.53217316
14,SpeedSign,-1,-1,0.9544896
14,Vehicle,50,49.97592568,
14,CenterDist,0.367385969,0.513996265,
14,Relative Angle,-3.141586262,-0.005705686,
15,Hazard,FALSE,FALSE,0.60324234
15,Traffic,0,FALSE,0.57286364
15,SpeedSign,-1,-1,0.9497924
15,Vehicle,50,49.97400045,
15,CenterDist,0.367385969,0.508591987,
15,Relative Angle,-3.141586262,-8.29E-05,
16,Hazard,FALSE,FALSE,0.5877889
16,Traffic,0,FALSE,0.61014307
16,SpeedSign,-1,-1,0.92377114
16,Vehicle,50,49.97113943,
16,CenterDist,0.367385969,0.522702742,
16,Relative Angle,-3.141586262,0.002886801,
17,Hazard,FALSE,TRUE,0.5289278
17,Traffic,0,FALSE,0.52325565
17,SpeedSign,-1,-1,0.9662861
17,Vehicle,50,49.96692538,
17,CenterDist,0.367385969,0.522830785,
17,Relative Angle,-3.141586262,0.005961548,
18,Hazard,FALSE,TRUE,0.5158224
18,Traffic,0,FALSE,0.7212113
18,SpeedSign,-1,-1,0.9477552
18,Vehicle,50,49.96697307,
18,CenterDist,0.367385969,0.534542482,
18,Relative Angle,-3.141586262,0.008192788,
19,Hazard,FALSE,FALSE,0.5117516
19,Traffic,0,FALSE,0.66667515
19,SpeedSign,-1,-1,0.9314811
19,Vehicle,50,49.96597767,
19,CenterDist,0.367385969,0.55176416,
19,Relative Angle,-3.141586262,0.010695702,
20,Hazard,FALSE,FALSE,0.5521793
20,Traffic,0,FALSE,0.6868803
20,SpeedSign,-1,-1,0.94015574
20,Vehicle,50,49.96788502,
20,CenterDist,0.367385969,0.56235462,
20,Relative Angle,-3.141586262,0.011308588,
21,Hazard,FALSE,FALSE,0.5788584
21,Traffic,0,FALSE,0.59241
21,SpeedSign,-1,-1,0.9410617
21,Vehicle,50,49.95994568,
21,CenterDist,0.367385969,0.561954695,
21,Relative Angle,-3.141586262,0.011061976,
22,Hazard,FALSE,FALSE,0.58567387
22,Traffic,0,FALSE,0.6971537
22,SpeedSign,-1,-1,0.94713134
22,Vehicle,50,49.96785522,
22,CenterDist,0.367385969,0.558077238,
22,Relative Angle,-3.141586262,0.010967144,
23,Hazard,FALSE,FALSE,0.5916375
23,Traffic,0,FALSE,0.6709301
23,SpeedSign,-1,-1,0.93534553
23,Vehicle,50,49.96672869,
23,CenterDist,0.367385969,0.556140749,
23,Relative Angle,-3.141586262,0.011074904,
24,Hazard,FALSE,FALSE,0.564573
24,Traffic,0,FALSE,0.7111666
24,SpeedSign,-1,-1,0.9259088
24,Vehicle,50,49.96746182,
24,CenterDist,0.367385969,0.568571051,
24,Relative Angle,-3.141586262,0.010917045,
25,Hazard,FALSE,FALSE,0.5275885
25,Traffic,0,FALSE,0.59467113
25,SpeedSign,-1,-1,0.9354212
25,Vehicle,50,49.9664247,
25,CenterDist,0.367385969,0.566472367,
25,Relative Angle,-3.141586262,0.011082451,
26,Hazard,FALSE,FALSE,0.5388255
26,Traffic,0,FALSE,0.73739254
26,SpeedSign,-1,-1,0.9096208
26,Vehicle,50,49.96834397,
26,CenterDist,0.367385969,0.565094749,
26,Relative Angle,-3.141586262,0.011205211,
27,Hazard,FALSE,FALSE,0.5214173
27,Traffic,0,FALSE,0.58330286
27,SpeedSign,-1,-1,0.88726765
27,Vehicle,50,49.9661088,
27,CenterDist,0.367385969,0.571619231,
27,Relative Angle,-3.141586262,0.011352234,
28,Hazard,FALSE,FALSE,0.5565555
28,Traffic,0,FALSE,0.75621754
28,SpeedSign,-1,-1,0.9436077
28,Vehicle,50,49.96609092,
28,CenterDist,0.367385969,0.57901098,
28,Relative Angle,-3.141586262,0.010775997,
29,Hazard,FALSE,FALSE,0.6262176
29,Traffic,0,FALSE,0.6204954
29,SpeedSign,-1,-1,0.94380957
29,Vehicle,50,49.96234179,
29,CenterDist,0.367385969,0.582513609,
29,Relative Angle,-3.141586262,0.010853402,
30,Hazard,FALSE,FALSE,0.5908233
30,Traffic,0,FALSE,0.70155954
30,SpeedSign,-1,-1,0.9403657
30,Vehicle,50,49.96052384,
30,CenterDist,0.367385969,0.583235561,
30,Relative Angle,-3.141586262,0.010492218,
31,Hazard,FALSE,FALSE,0.629492
31,Traffic,0,FALSE,0.7287574
31,SpeedSign,-1,-1,0.9650756
31,Vehicle,50,49.96406436,
31,CenterDist,0.367385969,0.583207856,
31,Relative Angle,-3.141586262,0.01129075,
32,Hazard,FALSE,FALSE,0.6254942
32,Traffic,0,FALSE,0.7124301
32,SpeedSign,-1,-1,0.9409383
32,Vehicle,50,49.96284246,
32,CenterDist,0.367385969,0.585996456,
32,Relative Angle,-3.141586262,0.011001979,
33,Hazard,FALSE,FALSE,0.65398216
33,Traffic,0,FALSE,0.70987266
33,SpeedSign,-1,-1,0.9730047
33,Vehicle,50,49.96362925,
33,CenterDist,0.367385969,0.581954442,
33,Relative Angle,-3.141586262,0.009285225,
34,Hazard,FALSE,FALSE,0.6800762
34,Traffic,0,FALSE,0.7650475
34,SpeedSign,-1,-1,0.9613517
34,Vehicle,50,49.96547699,
34,CenterDist,0.367385969,0.578620208,
34,Relative Angle,-3.141586262,0.00923064,
35,Hazard,FALSE,FALSE,0.68683237
35,Traffic,0,FALSE,0.74443835
35,SpeedSign,-1,-1,0.9621324
35,Vehicle,50,49.96871352,
35,CenterDist,0.367385969,0.572968849,
35,Relative Angle,-3.141586262,0.009507934,
36,Hazard,FALSE,FALSE,0.7053047
36,Traffic,0,FALSE,0.8108447
36,SpeedSign,-1,-1,0.97254825
36,Vehicle,50,49.96880293,
36,CenterDist,0.367385969,0.570930102,
36,Relative Angle,-3.141586262,0.010108067,
37,Hazard,FALSE,FALSE,0.7163616
37,Traffic,0,FALSE,0.77282804
37,SpeedSign,-1,-1,0.96852744
37,Vehicle,50,49.96677637,
37,CenterDist,0.367385969,0.583248404,
37,Relative Angle,-3.141586262,0.01070868,
38,Hazard,FALSE,FALSE,0.680158
38,Traffic,0,FALSE,0.7765678
38,SpeedSign,-1,-1,0.9536195
38,Vehicle,50,49.9676466,
38,CenterDist,0.367385969,0.581203752,
38,Relative Angle,-3.141586262,0.011382452,
39,Hazard,FALSE,FALSE,0.7407761
39,Traffic,0,FALSE,0.8187703
39,SpeedSign,-1,-1,0.9723173
39,Vehicle,50,49.97271895,
39,CenterDist,0.367385969,0.573998409,
39,Relative Angle,-3.141586262,0.011699063,
40,Hazard,FALSE,FALSE,0.74057084
40,Traffic,0,FALSE,0.813185
40,SpeedSign,-1,-1,0.9376286
40,Vehicle,50,49.97475147,
40,CenterDist,0.367385969,0.569709758,
40,Relative Angle,-3.141586262,0.011749801,
41,Hazard,FALSE,FALSE,0.74889606
41,Traffic,0,FALSE,0.81226003
41,SpeedSign,-1,-1,0.971298
41,Vehicle,50,49.97222424,
41,CenterDist,0.367385969,0.572905369,
41,Relative Angle,-3.141586262,0.011844914,
42,Hazard,FALSE,FALSE,0.7631095
42,Traffic,0,FALSE,0.8281411
42,SpeedSign,-1,-1,0.96571666
42,Vehicle,50,49.97375011,
42,CenterDist,0.367385969,0.57386761,
42,Relative Angle,-3.141586262,0.011987179,
43,Hazard,FALSE,FALSE,0.7610914
43,Traffic,0,FALSE,0.8173702
43,SpeedSign,-1,-1,0.95065993
43,Vehicle,50,49.97506738,
43,CenterDist,0.367385969,0.570317346,
43,Relative Angle,-3.141586262,0.01224395,
44,Hazard,FALSE,FALSE,0.782195
44,Traffic,0,FALSE,0.8694186
44,SpeedSign,-1,-1,0.9664728
44,Vehicle,50,49.97469783,
44,CenterDist,0.367385969,0.5698845,
44,Relative Angle,-3.141586262,0.012570859,
45,Hazard,FALSE,FALSE,0.7921491
45,Traffic,0,FALSE,0.8287372
45,SpeedSign,-1,-1,0.96915734
45,Vehicle,50,49.9707222,
45,CenterDist,0.367385969,0.580513984,
45,Relative Angle,-3.141586262,0.012156152,
46,Hazard,FALSE,FALSE,0.7413827
46,Traffic,0,FALSE,0.8422091
46,SpeedSign,-1,-1,0.9666891
46,Vehicle,50,49.96914268,
46,CenterDist,0.367385969,0.585119396,
46,Relative Angle,-3.141586262,0.011906559,
47,Hazard,FALSE,FALSE,0.7736049
47,Traffic,0,FALSE,0.87265515
47,SpeedSign,-1,-1,0.9727816
47,Vehicle,50,49.97313619,
47,CenterDist,0.367385969,0.582557012,
47,Relative Angle,-3.141586262,0.01188231,
48,Hazard,FALSE,FALSE,0.75875
48,Traffic,0,FALSE,0.8559609
48,SpeedSign,-1,-1,0.9508116
48,Vehicle,50,49.97534156,
48,CenterDist,0.367385969,0.576293832,
48,Relative Angle,-3.141586262,0.011505612,
49,Hazard,FALSE,FALSE,0.7803452
49,Traffic,0,FALSE,0.82388324
49,SpeedSign,-1,-1,0.98215646
49,Vehicle,50,49.97302294,
49,CenterDist,0.367385969,0.581353152,
49,Relative Angle,-3.141586262,0.011172636,
50,Hazard,FALSE,FALSE,0.7790349
50,Traffic,0,FALSE,0.82428586
50,SpeedSign,-1,-1,0.97511023
50,Vehicle,50,49.97166991,
50,CenterDist,0.367385969,0.573536529,
50,Relative Angle,-3.141586262,0.011616428,
51,Hazard,FALSE,FALSE,0.78933173
51,Traffic,0,FALSE,0.7944743
51,SpeedSign,-1,-1,0.97528595
51,Vehicle,50,49.97187257,
51,CenterDist,0.367385969,0.572750507,
51,Relative Angle,-3.141588393,0.011051704,
52,Hazard,FALSE,FALSE,0.79253125
52,Traffic,0,FALSE,0.8796859
52,SpeedSign,-1,-1,0.9768925
52,Vehicle,50,49.97221231,
52,CenterDist,0.367385969,0.57622799,
52,Relative Angle,-3.141584664,0.011726538,
53,Hazard,FALSE,FALSE,0.80180943
53,Traffic,0,FALSE,0.80539936
53,SpeedSign,-1,-1,0.9349801
53,Vehicle,50,49.96922016,
53,CenterDist,0.3286,0.572320958,
53,Relative Angle,-3.140099685,0.012199215,
54,Hazard,FALSE,FALSE,0.8604297
54,Traffic,0,FALSE,0.92436725
54,SpeedSign,-1,-1,0.9959996
54,Vehicle,50,49.9674499,
54,CenterDist,0.3286,0.574006676,
54,Relative Angle,-3.13440638,0.009533226,
55,Hazard,FALSE,FALSE,0.8835537
55,Traffic,0,FALSE,0.76405764
55,SpeedSign,-1,-1,0.99350137
55,Vehicle,50,49.97267723,
55,CenterDist,0.367385969,0.560701725,
55,Relative Angle,-3.124315396,0.005880505,
56,Hazard,FALSE,FALSE,0.9335501
56,Traffic,0,FALSE,0.8235286
56,SpeedSign,-1,-1,0.986899
56,Vehicle,50,49.97630119,
56,CenterDist,0.3286,0.537376109,
56,Relative Angle,-3.113375929,0.002806912,
57,Hazard,FALSE,FALSE,0.93000996
57,Traffic,0,TRUE,0.5368828
57,SpeedSign,-1,-1,0.94730806
57,Vehicle,50,49.97519851,
57,CenterDist,0.367385969,0.510856408,
57,Relative Angle,-3.103541408,-0.000883491,
58,Hazard,FALSE,FALSE,0.9308977
58,Traffic,0,FALSE,0.54515165
58,SpeedSign,-1,-1,0.987661
58,Vehicle,50,49.97689724,
58,CenterDist,0.3286,0.48330257,
58,Relative Angle,-3.095424359,-0.004551432,
59,Hazard,FALSE,FALSE,0.93491083
59,Traffic,2,TRUE,0.63059783
59,SpeedSign,-1,-1,0.9721725
59,Vehicle,50,49.9774754,
59,CenterDist,0.367385969,0.450279399,
59,Relative Angle,-3.089156876,-0.011791226,
60,Hazard,FALSE,FALSE,0.9372719
60,Traffic,2,TRUE,0.8168181
60,SpeedSign,-1,-1,0.98644096
60,Vehicle,50,49.98071194,
60,CenterDist,0.3286,0.420328226,
60,Relative Angle,-3.08502578,-0.025278763,
61,Hazard,FALSE,FALSE,0.9473361
61,Traffic,2,FALSE,0.5634457
61,SpeedSign,-1,-1,0.99440575
61,Vehicle,50,49.98339415,
61,CenterDist,0.3286,0.400609366,
61,Relative Angle,-3.083273154,-0.049897846,
62,Hazard,FALSE,FALSE,0.93434215
62,Traffic,2,TRUE,0.7693961
62,SpeedSign,-1,-1,0.96464455
62,Vehicle,50,49.98221993,
62,CenterDist,0.3286,0.372935458,
62,Relative Angle,-3.082727739,-0.06054027,
63,Hazard,FALSE,FALSE,0.94069034
63,Traffic,2,TRUE,0.6765997
63,SpeedSign,-1,-1,0.9912479
63,Vehicle,50,49.98537302,
63,CenterDist,0.1643,0.336693842,
63,Relative Angle,-3.082554101,-0.073068207,
64,Hazard,FALSE,FALSE,0.9142039
64,Traffic,2,TRUE,0.8431547
64,SpeedSign,-1,-1,0.9882118
64,Vehicle,50,49.98876452,
64,CenterDist,0.1643,0.301889487,
64,Relative Angle,-3.083472625,-0.090014545,
65,Hazard,FALSE,FALSE,0.93976074
65,Traffic,2,FALSE,0.5776307
65,SpeedSign,-1,-1,0.9902291
65,Vehicle,50,49.99043345,
65,CenterDist,0.1643,0.267180844,
65,Relative Angle,-3.087276418,-0.097342124,
66,Hazard,FALSE,FALSE,0.9262635
66,Traffic,2,FALSE,0.5243549
66,SpeedSign,-1,-1,0.99266773
66,Vehicle,50,49.98854399,
66,CenterDist,0.1643,0.252299763,
66,Relative Angle,-3.093870937,-0.101156834,
67,Hazard,FALSE,FALSE,0.9360374
67,Traffic,2,TRUE,0.61983657
67,SpeedSign,-1,-1,0.99725574
67,Vehicle,50,49.98983145,
67,CenterDist,0.232355288,0.238835128,
67,Relative Angle,-3.102348578,-0.103031155,
68,Hazard,FALSE,FALSE,0.9497425
68,Traffic,2,FALSE,0.722146
68,SpeedSign,-1,-1,0.99271554
68,Vehicle,50,49.98835921,
68,CenterDist,0.1643,0.103148396,
68,Relative Angle,-3.11206885,-0.048629405,
69,Hazard,FALSE,FALSE,0.9379575
69,Traffic,2,TRUE,0.66309154
69,SpeedSign,-1,-1,0.9953076
69,Vehicle,50,49.99109507,
69,CenterDist,0.1643,0.104226194,
69,Relative Angle,-3.116743763,-0.045693145,
70,Hazard,FALSE,FALSE,0.93248063
70,Traffic,2,FALSE,0.7183825
70,SpeedSign,-1,-1,0.9982236
70,Vehicle,50,49.9897182,
70,CenterDist,0.1643,0.094347984,
70,Relative Angle,-3.117927804,-0.047326646,
71,Hazard,FALSE,FALSE,0.95036936
71,Traffic,2,TRUE,0.95138794
71,SpeedSign,-1,-1,0.9981812
71,Vehicle,50,49.9909699,
71,CenterDist,0.1643,0.103637206,
71,Relative Angle,-3.118205838,-0.043832517,
72,Hazard,FALSE,FALSE,0.9635443
72,Traffic,2,TRUE,0.688723
72,SpeedSign,-1,-1,0.9991418
72,Vehicle,50,49.99130964,
72,CenterDist,0.1643,0.075080228,
72,Relative Angle,-3.118292924,-0.038082149,
73,Hazard,FALSE,FALSE,0.9639919
73,Traffic,2,FALSE,0.8530363
73,SpeedSign,-1,-1,0.9996124
73,Vehicle,50,49.99230504,
73,CenterDist,0.1643,0.073922545,
73,Relative Angle,-3.118307305,-0.034459026,
74,Hazard,FALSE,FALSE,0.97216445
74,Traffic,2,TRUE,0.57161194
74,SpeedSign,-1,-1,0.99926275
74,Vehicle,50,49.99191761,
74,CenterDist,0.232355288,0.066970932,
74,Relative Angle,-3.118348317,-0.035697178,
75,Hazard,FALSE,FALSE,0.9763447
75,Traffic,2,TRUE,0.8877287
75,SpeedSign,-1,-1,0.99908507
75,Vehicle,50,49.99417663,
75,CenterDist,0.232355288,0.058363261,
75,Relative Angle,-3.118325414,-0.02456173,
76,Hazard,FALSE,FALSE,0.9747692
76,Traffic,2,TRUE,0.9554843
76,SpeedSign,-1,-1,0.99871254
76,Vehicle,50,49.99633431,
76,CenterDist,0.232355288,0.052494402,
76,Relative Angle,-3.118389596,-0.017028483,
77,Hazard,FALSE,FALSE,0.97822315
77,Traffic,2,TRUE,0.99857736
77,SpeedSign,-1,-1,0.99962306
77,Vehicle,50,49.99662638,
77,CenterDist,0.232355288,0.058256556,
77,Relative Angle,-3.118341393,-0.012675041,
78,Hazard,FALSE,FALSE,0.97572476
78,Traffic,2,TRUE,0.99899286
78,SpeedSign,-1,-1,0.9996649
78,Vehicle,50,49.9969244,
78,CenterDist,0.1643,0.092998871,
78,Relative Angle,-3.118503313,-0.006062135,
79,Hazard,FALSE,FALSE,0.9861806
79,Traffic,2,TRUE,0.9947483
79,SpeedSign,-1,-1,0.99991393
79,Vehicle,50,49.99717474,
79,CenterDist,0.1643,0.060492799,
79,Relative Angle,-3.118421554,-0.003805274,
80,Hazard,FALSE,FALSE,0.9856194
80,Traffic,2,TRUE,0.9996712
80,SpeedSign,-1,-1,0.99967074
80,Vehicle,50,49.99864101,
80,CenterDist,0.1643,0.064056749,
80,Relative Angle,-3.118450583,-0.001415127,
81,Hazard,FALSE,FALSE,0.98349357
81,Traffic,2,TRUE,0.9973572
81,SpeedSign,-1,-1,0.9995326
81,Vehicle,50,49.99856353,
81,CenterDist,0.1643,0.079340701,
81,Relative Angle,-3.11846816,-0.001261545,
82,Hazard,FALSE,FALSE,0.99079716
82,Traffic,0,TRUE,0.9994349
82,SpeedSign,-1,-1,0.9998871
82,Vehicle,50,49.99854565,
82,CenterDist,0.232355288,0.051203337,
82,Relative Angle,-3.118480144,0.001669696,
83,Hazard,FALSE,FALSE,0.99350125
83,Traffic,0,TRUE,0.99939275
83,SpeedSign,-1,-1,0.9991954
83,Vehicle,50,49.9987185,
83,CenterDist,0.1643,0.05732603,
83,Relative Angle,-3.118491595,0.004369295,
84,Hazard,FALSE,FALSE,0.9921325
84,Traffic,0,TRUE,0.99976546
84,SpeedSign,-1,-1,0.99892837
84,Vehicle,50,49.99975562,
84,CenterDist,0.232355288,0.045057295,
84,Relative Angle,-3.118501183,0.003622856,
85,Hazard,FALSE,FALSE,0.9918786
85,Traffic,0,TRUE,0.9998492
85,SpeedSign,-1,-1,0.99890757
85,Vehicle,50,50,
85,CenterDist,0.1643,0.02129533,
85,Relative Angle,-3.118509705,0.004370943,
86,Hazard,FALSE,FALSE,0.9889774
86,Traffic,0,TRUE,0.999607
86,SpeedSign,-1,-1,0.9998871
86,Vehicle,50,50,
86,CenterDist,0.232355288,0.029127334,
86,Relative Angle,-3.118516629,0.004499657,
87,Hazard,FALSE,FALSE,0.99104553
87,Traffic,0,TRUE,0.99983
87,SpeedSign,-1,-1,0.99978083
87,Vehicle,50,50,
87,CenterDist,0.1643,0.034100132,
87,Relative Angle,-3.118522222,0.004966435,
88,Hazard,FALSE,FALSE,0.99153113
88,Traffic,0,TRUE,0.9992822
88,SpeedSign,-1,-1,0.9995938
88,Vehicle,50,49.99995232,
88,CenterDist,0.1643,0.037825304,
88,Relative Angle,-3.118528081,0.003333597,
89,Hazard,FALSE,FALSE,0.99098575
89,Traffic,0,TRUE,0.9998876
89,SpeedSign,-1,-1,0.99969006
89,Vehicle,50,50,
89,CenterDist,0.232355288,0.0235102,
89,Relative Angle,-3.118531543,0.004048234,
90,Hazard,FALSE,FALSE,0.9953976
90,Traffic,0,TRUE,0.9616755
90,SpeedSign,-1,-1,0.9995346
90,Vehicle,50,49.99992251,
90,CenterDist,0.1643,0.019917256,
90,Relative Angle,-3.118535271,0.009159056,
91,Hazard,FALSE,FALSE,0.99549365
91,Traffic,0,TRUE,0.9992518
91,SpeedSign,-1,-1,0.9997118
91,Vehicle,50,49.99993443,
91,CenterDist,0,0.001971108,
91,Relative Angle,-3.118537135,0.009906349,
92,Hazard,FALSE,FALSE,0.9959628
92,Traffic,0,TRUE,0.9948009
92,SpeedSign,-1,-1,0.99968755
92,Vehicle,50,49.99999404,
92,CenterDist,0.1643,-0.002469969,
92,Relative Angle,-3.118539532,0.008331098,
93,Hazard,FALSE,FALSE,0.9950688
93,Traffic,0,TRUE,0.9999113
93,SpeedSign,-1,-1,0.998665
93,Vehicle,50,50,
93,CenterDist,0.1643,0.020933151,
93,Relative Angle,-3.118541663,0.007948035,
94,Hazard,FALSE,FALSE,0.9972517
94,Traffic,0,TRUE,0.993353
94,SpeedSign,-1,-1,0.9996382
94,Vehicle,50,50,
94,CenterDist,0,0.008613951,
94,Relative Angle,-3.11854406,0.008235671,
95,Hazard,FALSE,FALSE,0.9969158
95,Traffic,0,TRUE,0.9997533
95,SpeedSign,-1,-1,0.9991689
95,Vehicle,50,49.99991059,
95,CenterDist,0,-0.003593137,
95,Relative Angle,-3.118549386,0.010592571,
96,Hazard,FALSE,FALSE,0.9960626
96,Traffic,0,TRUE,0.9995771
96,SpeedSign,-1,-1,0.99870324
96,Vehicle,50,50,
96,CenterDist,0,0.011133782,
96,Relative Angle,-3.118553114,0.0057386,
97,Hazard,FALSE,FALSE,0.9895802
97,Traffic,0,TRUE,0.99988616
97,SpeedSign,-1,-1,0.9986349
97,Vehicle,50,49.99999404,
97,CenterDist,0,0.014532173,
97,Relative Angle,-3.118567762,0.006302716,
98,Hazard,FALSE,FALSE,0.9921778
98,Traffic,0,TRUE,0.99959165
98,SpeedSign,-1,-1,0.99811494
98,Vehicle,50,50,
98,CenterDist,0,0.013492956,
98,Relative Angle,-3.118567762,0.002942331,
99,Hazard,FALSE,FALSE,0.99346936
99,Traffic,0,TRUE,0.9995596
99,SpeedSign,-1,-1,0.99976474
99,Vehicle,50,49.99991059,
99,CenterDist,0,0.005433576,
99,Relative Angle,-3.118566696,0.004423013,
100,Hazard,FALSE,FALSE,0.99368227
100,Traffic,0,TRUE,0.99942625
100,SpeedSign,-1,-1,0.9976005
100,Vehicle,50,50,
100,CenterDist,0,0.015021733,
100,Relative Angle,-3.118565631,0.001194033,
101,Hazard,FALSE,FALSE,0.9920968
101,Traffic,0,TRUE,0.9998093
101,SpeedSign,-1,-1,0.9969969
101,Vehicle,50,50,
101,CenterDist,0,0.01946596,
101,Relative Angle,-3.118564566,0.003881912,
102,Hazard,FALSE,FALSE,0.9941338
102,Traffic,0,TRUE,0.9997899
102,SpeedSign,-1,-1,0.99961
102,Vehicle,50,50,
102,CenterDist,0,0.012606485,
102,Relative Angle,-3.118562702,0.002901084,
103,Hazard,FALSE,FALSE,0.9948085
103,Traffic,0,TRUE,0.9991202
103,SpeedSign,-1,-1,0.9995461
103,Vehicle,50,50,
103,CenterDist,0,-0.007861293,
103,Relative Angle,-3.118562169,0.004532755,
104,Hazard,FALSE,FALSE,0.9956195
104,Traffic,0,TRUE,0.9992933
104,SpeedSign,-1,-1,0.9982141
104,Vehicle,50,50,
104,CenterDist,0,-0.010510065,
104,Relative Angle,-3.118562169,0.002911527,
105,Hazard,FALSE,FALSE,0.9925804
105,Traffic,0,TRUE,0.9997236
105,SpeedSign,-1,-1,0.99171174
105,Vehicle,50,50,
105,CenterDist,0,-0.006695171,
105,Relative Angle,-3.11856137,0.002520097,
106,Hazard,FALSE,FALSE,0.9947935
106,Traffic,0,TRUE,0.99956256
106,SpeedSign,-1,-1,0.9988129
106,Vehicle,50,50,
106,CenterDist,0,0.01906749,
106,Relative Angle,-3.11856137,0.002057793,
107,Hazard,FALSE,FALSE,0.99640214
107,Traffic,0,TRUE,0.9994778
107,SpeedSign,-1,-1,0.9987717
107,Vehicle,50,50,
107,CenterDist,0,-0.002135769,
107,Relative Angle,-3.118560571,0.001469855,
108,Hazard,FALSE,FALSE,0.99493957
108,Traffic,0,TRUE,0.9995763
108,SpeedSign,-1,-1,0.9989604
108,Vehicle,50,50,
108,CenterDist,0,-0.008415508,
108,Relative Angle,-3.118560571,0.002618286,
109,Hazard,FALSE,FALSE,0.9950848
109,Traffic,0,TRUE,0.9993222
109,SpeedSign,-1,-1,0.99847037
109,Vehicle,50,50,
109,CenterDist,0,-0.006924622,
109,Relative Angle,-3.118560571,-0.002762058,
110,Hazard,FALSE,FALSE,0.9964084
110,Traffic,0,TRUE,0.996959
110,SpeedSign,-1,-1,0.9980552
110,Vehicle,50,50,
110,CenterDist,0,-0.022057771,
110,Relative Angle,-3.118560571,-0.004081187,
111,Hazard,FALSE,FALSE,0.9968144
111,Traffic,0,TRUE,0.9908325
111,SpeedSign,-1,-1,0.99652314
111,Vehicle,50,50,
111,CenterDist,0,-0.016164923,
111,Relative Angle,-3.118560571,-0.004216308,
112,Hazard,FALSE,FALSE,0.996894
112,Traffic,0,TRUE,0.9964945
112,SpeedSign,-1,-1,0.99661934
112,Vehicle,50,50,
112,CenterDist,0,-0.022307565,
112,Relative Angle,-3.118560571,-0.006157133,
113,Hazard,FALSE,FALSE,0.997256
113,Traffic,0,TRUE,0.99644995
113,SpeedSign,-1,-1,0.99789655
113,Vehicle,50,50,
113,CenterDist,0,-0.028507529,
113,Relative Angle,-3.118560571,-0.008814219,
114,Hazard,FALSE,FALSE,0.99668497
114,Traffic,0,TRUE,0.984922
114,SpeedSign,-1,-1,0.9967507
114,Vehicle,50,50,
114,CenterDist,0,-0.019211301,
114,Relative Angle,-3.118560571,-0.011970713,
115,Hazard,FALSE,FALSE,0.99647254
115,Traffic,0,TRUE,0.9973592
115,SpeedSign,-1,-1,0.9970497
115,Vehicle,50,50,
115,CenterDist,0,-0.018155937,
115,Relative Angle,-3.118560571,-0.01285346,
116,Hazard,FALSE,FALSE,0.99651355
116,Traffic,0,TRUE,0.9898872
116,SpeedSign,-1,-1,0.9977069
116,Vehicle,50,50,
116,CenterDist,0,-0.014884931,
116,Relative Angle,-3.118560571,-0.014756172,
117,Hazard,FALSE,FALSE,0.9964295
117,Traffic,0,TRUE,0.9889009
117,SpeedSign,-1,-1,0.99685884
117,Vehicle,50,50,
117,CenterDist,0,-0.012444567,
117,Relative Angle,-3.118560571,-0.016989234,
118,Hazard,FALSE,FALSE,0.99684167
118,Traffic,0,TRUE,0.98964125
118,SpeedSign,-1,-1,0.9970379
118,Vehicle,50,49.99994636,
118,CenterDist,0,-0.017185964,
118,Relative Angle,-3.118560571,-0.016577472,
119,Hazard,FALSE,FALSE,0.99670345
119,Traffic,0,TRUE,0.9903927
119,SpeedSign,-1,-1,0.99736637
119,Vehicle,50,49.99986887,
119,CenterDist,0,-0.021276584,
119,Relative Angle,-3.118560571,-0.013392207,
120,Hazard,FALSE,FALSE,0.9969683
120,Traffic,0,TRUE,0.99636734
120,SpeedSign,-1,-1,0.995749
120,Vehicle,50,49.99988675,
120,CenterDist,0,-0.024807435,
120,Relative Angle,-3.118560571,-0.01159122,
121,Hazard,FALSE,FALSE,0.99732345
121,Traffic,0,TRUE,0.9962818
121,SpeedSign,-1,-1,0.9967133
121,Vehicle,50,49.99995828,
121,CenterDist,0,-0.028223553,
121,Relative Angle,-3.118560571,-0.012551903,
122,Hazard,FALSE,FALSE,0.9971234
122,Traffic,0,TRUE,0.98279655
122,SpeedSign,-1,-1,0.99773836
122,Vehicle,50,49.99999404,
122,CenterDist,0,-0.030626487,
122,Relative Angle,-3.118560571,-0.010846766,
123,Hazard,FALSE,FALSE,0.99746203
123,Traffic,0,TRUE,0.99074674
123,SpeedSign,-1,-1,0.99881613
123,Vehicle,50,49.99994636,
123,CenterDist,0,-0.030137604,
123,Relative Angle,-3.118560571,-0.01239105,
124,Hazard,FALSE,FALSE,0.99764353
124,Traffic,0,TRUE,0.983182
124,SpeedSign,-1,-1,0.998939
124,Vehicle,50,50,
124,CenterDist,0,-0.022296849,
124,Relative Angle,-3.118560571,-0.013826789,
125,Hazard,FALSE,FALSE,0.9972536
125,Traffic,0,TRUE,0.98991233
125,SpeedSign,-1,-1,0.9973041
125,Vehicle,50,50,
125,CenterDist,0,-0.020565329,
125,Relative Angle,-3.118560571,-0.015139908,
126,Hazard,FALSE,FALSE,0.9975121
126,Traffic,0,TRUE,0.98944366
126,SpeedSign,-1,-1,0.9978581
126,Vehicle,50,49.99997616,
126,CenterDist,0,-0.028011387,
126,Relative Angle,-3.118560571,-0.017613925,
127,Hazard,FALSE,FALSE,0.9973386
127,Traffic,0,TRUE,0.97935474
127,SpeedSign,-1,-1,0.9976762
127,Vehicle,50,49.99997616,
127,CenterDist,0,-0.028716767,
127,Relative Angle,-3.118560571,-0.016499749,
128,Hazard,FALSE,FALSE,0.9973471
128,Traffic,0,TRUE,0.9908704
128,SpeedSign,-1,-1,0.99790597
128,Vehicle,50,49.99996424,
128,CenterDist,0,-0.026894677,
128,Relative Angle,-3.118560571,-0.014573704,
129,Hazard,FALSE,FALSE,0.99713373
129,Traffic,0,TRUE,0.9919641
129,SpeedSign,-1,-1,0.9986104
129,Vehicle,50,49.9999702,
129,CenterDist,0,-0.02674409,
129,Relative Angle,-3.118560571,-0.014255184,
130,Hazard,FALSE,FALSE,0.9968862
130,Traffic,0,TRUE,0.93005544
130,SpeedSign,-1,-1,0.9988381
130,Vehicle,50,49.99989867,
130,CenterDist,0,-0.021768112,
130,Relative Angle,-3.118560571,-0.011984751,
131,Hazard,FALSE,FALSE,0.99723154
131,Traffic,0,TRUE,0.96534157
131,SpeedSign,-1,-1,0.9986064
131,Vehicle,50,49.99981523,
131,CenterDist,0,-0.022152758,
131,Relative Angle,-3.118560571,-0.013286803,
132,Hazard,FALSE,FALSE,0.99676347
132,Traffic,0,TRUE,0.9764031
132,SpeedSign,-1,-1,0.99902797
132,Vehicle,50,49.99980927,
132,CenterDist,0,-0.019441835,
132,Relative Angle,-3.118560571,-0.011236594,
133,Hazard,FALSE,FALSE,0.9962231
133,Traffic,0,TRUE,0.9896395
133,SpeedSign,-1,-1,0.9973794
133,Vehicle,50,49.99984503,
133,CenterDist,0,-0.018900125,
133,Relative Angle,-3.11856137,-0.012630124,
134,Hazard,FALSE,FALSE,0.9972465
134,Traffic,0,TRUE,0.99597317
134,SpeedSign,-1,-1,0.9974166
134,Vehicle,50,49.99987483,
134,CenterDist,0,-0.025296269,
134,Relative Angle,-3.118584806,-0.014322759,
135,Hazard,FALSE,FALSE,0.99731594
135,Traffic,0,TRUE,0.988403
135,SpeedSign,-1,-1,0.9978126
135,Vehicle,50,49.99986887,
135,CenterDist,0,-0.020503971,
135,Relative Angle,-3.118584806,-0.012328217,
136,Hazard,FALSE,FALSE,0.9973616
136,Traffic,0,TRUE,0.99292725
136,SpeedSign,-1,-1,0.998509
136,Vehicle,50,49.99983907,
136,CenterDist,0,-0.025014803,
136,Relative Angle,-3.118584806,-0.010104945,
137,Hazard,FALSE,FALSE,0.99726343
137,Traffic,0,TRUE,0.9903594
137,SpeedSign,-1,-1,0.9981396
137,Vehicle,50,49.99986887,
137,CenterDist,0,-0.030503802,
137,Relative Angle,-3.118584806,-0.011227293,
138,Hazard,FALSE,FALSE,0.9968221
138,Traffic,0,TRUE,0.9783593
138,SpeedSign,-1,-1,0.9979899
138,Vehicle,50,49.99991655,
138,CenterDist,0,-0.032781983,
138,Relative Angle,-3.118584806,-0.011513869,
139,Hazard,FALSE,FALSE,0.9972372
139,Traffic,0,TRUE,0.9937796
139,SpeedSign,-1,-1,0.99714977
139,Vehicle,50,49.99987483,
139,CenterDist,0,-0.035010285,
139,Relative Angle,-3.118584806,-0.012605163,
140,Hazard,FALSE,FALSE,0.9968622
140,Traffic,0,TRUE,0.9921542
140,SpeedSign,-1,-1,0.9975435
140,Vehicle,50,49.99999404,
140,CenterDist,0,-0.030045508,
140,Relative Angle,-3.118584806,-0.012730526,
141,Hazard,FALSE,FALSE,0.9963006
141,Traffic,0,TRUE,0.9956096
141,SpeedSign,-1,-1,0.9959901
141,Vehicle,50,50,
141,CenterDist,0,-0.028447653,
141,Relative Angle,-3.118584806,-0.015126526,
142,Hazard,FALSE,FALSE,0.9972946
142,Traffic,0,TRUE,0.9972492
142,SpeedSign,-1,-1,0.9980357
142,Vehicle,50,50,
142,CenterDist,0,-0.032195038,
142,Relative Angle,-3.118584806,-0.016140853,
143,Hazard,FALSE,FALSE,0.9973296
143,Traffic,0,TRUE,0.99706644
143,SpeedSign,-1,-1,0.99852765
143,Vehicle,50,50,
143,CenterDist,0,-0.026799937,
143,Relative Angle,-3.118584806,-0.013936756,
144,Hazard,FALSE,FALSE,0.99768233
144,Traffic,0,TRUE,0.9979882
144,SpeedSign,-1,-1,0.99784875
144,Vehicle,50,50,
144,CenterDist,0,-0.033121774,
144,Relative Angle,-3.118584806,-0.011115152,
145,Hazard,FALSE,FALSE,0.9973502
145,Traffic,0,TRUE,0.99426234
145,SpeedSign,-1,-1,0.9976299
145,Vehicle,50,50,
145,CenterDist,0,-0.04119874,
145,Relative Angle,-3.118584806,-0.011461349,
146,Hazard,FALSE,FALSE,0.9974299
146,Traffic,0,TRUE,0.99630606
146,SpeedSign,-1,-1,0.99732673
146,Vehicle,50,50,
146,CenterDist,0,-0.041319082,
146,Relative Angle,-3.118584806,-0.011549549,
147,Hazard,FALSE,FALSE,0.9976902
147,Traffic,0,TRUE,0.9969453
147,SpeedSign,-1,-1,0.99603903
147,Vehicle,50,50,
147,CenterDist,0,-0.034399165,
147,Relative Angle,-3.118584806,-0.01525604,
148,Hazard,FALSE,FALSE,0.9977144
148,Traffic,0,TRUE,0.99589396
148,SpeedSign,-1,-1,0.9983571
148,Vehicle,50,50,
148,CenterDist,0,-0.034644203,
148,Relative Angle,-3.118584806,-0.013900846,
149,Hazard,FALSE,FALSE,0.9975908
149,Traffic,0,TRUE,0.9971232
149,SpeedSign,-1,-1,0.9964083
149,Vehicle,50,50,
149,CenterDist,0,-0.033794203,
149,Relative Angle,-3.118584806,-0.013084231,
150,Hazard,FALSE,FALSE,0.9978028
150,Traffic,0,TRUE,0.9983101
150,SpeedSign,-1,-1,0.9967049
150,Vehicle,50,50,
150,CenterDist,0,-0.034447636,
150,Relative Angle,-3.118584806,-0.014158482,
151,Hazard,FALSE,FALSE,0.9976544
151,Traffic,0,TRUE,0.9972466
151,SpeedSign,-1,-1,0.9985946
151,Vehicle,50,50,
151,CenterDist,0,-0.034174216,
151,Relative Angle,-3.118584806,-0.014276705,
152,Hazard,FALSE,FALSE,0.9980585
152,Traffic,0,TRUE,0.99745065
152,SpeedSign,-1,-1,0.9987521
152,Vehicle,50,50,
152,CenterDist,0,-0.036148179,
152,Relative Angle,-3.118584806,-0.013187159,
153,Hazard,FALSE,FALSE,0.9973999
153,Traffic,0,TRUE,0.9963076
153,SpeedSign,-1,-1,0.9983047
153,Vehicle,50,50,
153,CenterDist,0,-0.043096391,
153,Relative Angle,-3.118584806,-0.01342601,
154,Hazard,FALSE,FALSE,0.9970788
154,Traffic,0,TRUE,0.99314636
154,SpeedSign,-1,-1,0.99849737
154,Vehicle,50,50,
154,CenterDist,0,-0.044056012,
154,Relative Angle,-3.118584806,-0.012661339,
155,Hazard,FALSE,FALSE,0.9975751
155,Traffic,0,TRUE,0.989292
155,SpeedSign,-1,-1,0.9984263
155,Vehicle,50,50,
155,CenterDist,0,-0.040624084,
155,Relative Angle,-3.118584806,-0.014677982,
156,Hazard,FALSE,FALSE,0.9976681
156,Traffic,0,TRUE,0.9957236
156,SpeedSign,-1,-1,0.99850094
156,Vehicle,50,50,
156,CenterDist,0,-0.034662841,
156,Relative Angle,-3.118584806,-0.013212008,
157,Hazard,FALSE,FALSE,0.99731916
157,Traffic,0,TRUE,0.9950164
157,SpeedSign,-1,-1,0.9965559
157,Vehicle,50,50,
157,CenterDist,0,-0.030953225,
157,Relative Angle,-3.118584806,-0.01424239,
158,Hazard,FALSE,FALSE,0.9978428
158,Traffic,0,TRUE,0.9965065
158,SpeedSign,-1,-1,0.9974783
158,Vehicle,50,50,
158,CenterDist,0,-0.034274419,
158,Relative Angle,-3.118584806,-0.015647494,
159,Hazard,FALSE,FALSE,0.99813473
159,Traffic,0,TRUE,0.98922557
159,SpeedSign,-1,-1,0.99773693
159,Vehicle,50,50,
159,CenterDist,0,-0.028841673,
159,Relative Angle,-3.118584806,-0.013641169,
160,Hazard,FALSE,FALSE,0.99843806
160,Traffic,0,TRUE,0.9872764
160,SpeedSign,-1,-1,0.9989599
160,Vehicle,50,50,
160,CenterDist,0,-0.030303999,
160,Relative Angle,-3.118584806,-0.011423977,
161,Hazard,FALSE,FALSE,0.9980921
161,Traffic,0,TRUE,0.9905357
161,SpeedSign,-1,-1,0.99801373
161,Vehicle,50,50,
161,CenterDist,0,-0.04179923,
161,Relative Angle,-3.118584806,-0.01209978,
162,Hazard,FALSE,FALSE,0.99798465
162,Traffic,0,TRUE,0.9933195
162,SpeedSign,-1,-1,0.99697876
162,Vehicle,50,50,
162,CenterDist,0,-0.041687426,
162,Relative Angle,-3.118584806,-0.011746544,
163,Hazard,FALSE,FALSE,0.9981894
163,Traffic,0,TRUE,0.9966497
163,SpeedSign,-1,-1,0.9961653
163,Vehicle,50,50,
163,CenterDist,0,-0.037851933,
163,Relative Angle,-3.118584806,-0.014368744,
164,Hazard,FALSE,FALSE,0.99799263
164,Traffic,0,TRUE,0.9965675
164,SpeedSign,-1,-1,0.9983871
164,Vehicle,50,50,
164,CenterDist,0,-0.039053627,
164,Relative Angle,-3.118584806,-0.01428676,
165,Hazard,FALSE,FALSE,0.9978891
165,Traffic,0,TRUE,0.9891151
165,SpeedSign,-1,-1,0.99780446
165,Vehicle,50,50,
165,CenterDist,0,-0.036271695,
165,Relative Angle,-3.118584806,-0.016298919,
166,Hazard,FALSE,FALSE,0.9979526
166,Traffic,0,TRUE,0.99226564
166,SpeedSign,-1,-1,0.9989857
166,Vehicle,50,50,
166,CenterDist,0,-0.034380182,
166,Relative Angle,-3.118584806,-0.017380125,
167,Hazard,FALSE,FALSE,0.9980107
167,Traffic,0,TRUE,0.98062664
167,SpeedSign,-1,-1,0.9987357
167,Vehicle,50,50,
167,CenterDist,0,-0.03137479,
167,Relative Angle,-3.118584806,-0.01466518,
168,Hazard,FALSE,FALSE,0.99815065
168,Traffic,0,TRUE,0.9927532
168,SpeedSign,-1,-1,0.9985663
168,Vehicle,50,50,
168,CenterDist,0,-0.033777287,
168,Relative Angle,-3.118584806,-0.011402558,
169,Hazard,FALSE,FALSE,0.99803454
169,Traffic,0,TRUE,0.98191077
169,SpeedSign,-1,-1,0.99877053
169,Vehicle,50,50,
169,CenterDist,0,-0.04348175,
169,Relative Angle,-3.118584806,-0.012915801,
170,Hazard,FALSE,FALSE,0.99795735
170,Traffic,0,TRUE,0.99017465
170,SpeedSign,-1,-1,0.9984451
170,Vehicle,50,50,
170,CenterDist,0,-0.041441109,
170,Relative Angle,-3.118584806,-0.012172521,
171,Hazard,FALSE,FALSE,0.9981148
171,Traffic,0,TRUE,0.9877478
171,SpeedSign,-1,-1,0.99761486
171,Vehicle,50,50,
171,CenterDist,0,-0.03005952,
171,Relative Angle,-3.118584806,-0.015191238,
172,Hazard,FALSE,FALSE,0.99803954
172,Traffic,0,TRUE,0.9947596
172,SpeedSign,-1,-1,0.99847835
172,Vehicle,50,50,
172,CenterDist,0,-0.030502922,
172,Relative Angle,-3.118584806,-0.013113159,
173,Hazard,FALSE,FALSE,0.9976714
173,Traffic,0,TRUE,0.98995835
173,SpeedSign,-1,-1,0.9966781
173,Vehicle,50,50,
173,CenterDist,0,-0.024388699,
173,Relative Angle,-3.118584806,-0.013928399,
174,Hazard,FALSE,FALSE,0.9976896
174,Traffic,0,TRUE,0.9979087
174,SpeedSign,-1,-1,0.9974584
174,Vehicle,50,50,
174,CenterDist,0,-0.036759323,
174,Relative Angle,-3.118584806,-0.01569447,
175,Hazard,FALSE,FALSE,0.9974623
175,Traffic,0,TRUE,0.99599046
175,SpeedSign,-1,-1,0.9972096
175,Vehicle,50,50,
175,CenterDist,0,-0.039745106,
175,Relative Angle,-3.118584806,-0.014833103,
176,Hazard,FALSE,FALSE,0.9979809
176,Traffic,0,TRUE,0.99773407
176,SpeedSign,-1,-1,0.99777406
176,Vehicle,50,50,
176,CenterDist,0,-0.041322797,
176,Relative Angle,-3.118584806,-0.013376768,
177,Hazard,FALSE,FALSE,0.9977762
177,Traffic,0,TRUE,0.99531174
177,SpeedSign,-1,-1,0.99796295
177,Vehicle,50,50,
177,CenterDist,0,-0.051045978,
177,Relative Angle,-3.118584806,-0.013785401,
178,Hazard,FALSE,FALSE,0.9976025
178,Traffic,0,TRUE,0.9932407
178,SpeedSign,-1,-1,0.9975333
178,Vehicle,50,50,
178,CenterDist,0,-0.049595874,
178,Relative Angle,-3.118584806,-0.013725634,
179,Hazard,FALSE,FALSE,0.99775666
179,Traffic,0,TRUE,0.99637455
179,SpeedSign,-1,-1,0.99575496
179,Vehicle,50,50,
179,CenterDist,0,-0.044356042,
179,Relative Angle,-3.118584806,-0.015748358,
180,Hazard,FALSE,FALSE,0.997488
180,Traffic,0,TRUE,0.9950395
180,SpeedSign,-1,-1,0.99807966
180,Vehicle,50,50,
180,CenterDist,0,-0.040273639,
180,Relative Angle,-3.118584806,-0.013493361,
181,Hazard,FALSE,FALSE,0.9970343
181,Traffic,0,TRUE,0.99413824
181,SpeedSign,-1,-1,0.995706
181,Vehicle,50,50,
181,CenterDist,0,-0.033637588,
181,Relative Angle,-3.118584806,-0.01544211,
182,Hazard,FALSE,FALSE,0.99741876
182,Traffic,0,TRUE,0.99749786
182,SpeedSign,-1,-1,0.99799025
182,Vehicle,50,50,
182,CenterDist,0,-0.039624259,
182,Relative Angle,-3.118584806,-0.016901786,
183,Hazard,FALSE,FALSE,0.997232
183,Traffic,0,TRUE,0.9961952
183,SpeedSign,-1,-1,0.99842775
183,Vehicle,50,50,
183,CenterDist,0,-0.036286617,
183,Relative Angle,-3.118584806,-0.014808852,
184,Hazard,FALSE,FALSE,0.9976736
184,Traffic,0,TRUE,0.9979505
184,SpeedSign,-1,-1,0.99782145
184,Vehicle,50,50,
184,CenterDist,0,-0.038088618,
184,Relative Angle,-3.118584806,-0.011699398,
185,Hazard,FALSE,FALSE,0.9972646
185,Traffic,0,TRUE,0.99457306
185,SpeedSign,-1,-1,0.9976163
185,Vehicle,50,50,
185,CenterDist,0,-0.047889365,
185,Relative Angle,-3.118584806,-0.010992947,
186,Hazard,FALSE,FALSE,0.9972414
186,Traffic,0,TRUE,0.99677557
186,SpeedSign,-1,-1,0.9969271
186,Vehicle,50,50,
186,CenterDist,0,-0.043205451,
186,Relative Angle,-3.118584806,-0.011114465,
187,Hazard,FALSE,FALSE,0.99753845
187,Traffic,0,TRUE,0.9966467
187,SpeedSign,-1,-1,0.9957526
187,Vehicle,50,50,
187,CenterDist,0,-0.035423792,
187,Relative Angle,-3.118584806,-0.014308347,
188,Hazard,FALSE,FALSE,0.99755776
188,Traffic,0,TRUE,0.99553263
188,SpeedSign,-1,-1,0.9983101
188,Vehicle,50,50,
188,CenterDist,0,-0.035773597,
188,Relative Angle,-3.118584806,-0.012664063,
189,Hazard,FALSE,FALSE,0.99740666
189,Traffic,0,TRUE,0.9968258
189,SpeedSign,-1,-1,0.9960665
189,Vehicle,50,50,
189,CenterDist,0,-0.034872388,
189,Relative Angle,-3.118584806,-0.013591087,
190,Hazard,FALSE,FALSE,0.9976483
190,Traffic,0,TRUE,0.99827135
190,SpeedSign,-1,-1,0.9966091
190,Vehicle,50,50,
190,CenterDist,0,-0.035532643,
190,Relative Angle,-3.118584806,-0.015581674,
191,Hazard,FALSE,FALSE,0.99750286
191,Traffic,0,TRUE,0.9973731
191,SpeedSign,-1,-1,0.9985141
191,Vehicle,50,50,
191,CenterDist,0,-0.03565387,
191,Relative Angle,-3.118584806,-0.015023869,
192,Hazard,FALSE,FALSE,0.9978828
192,Traffic,0,TRUE,0.9973507
192,SpeedSign,-1,-1,0.9987967
192,Vehicle,50,50,
192,CenterDist,0,-0.038333164,
192,Relative Angle,-3.118584806,-0.013663831,
193,Hazard,FALSE,FALSE,0.99726295
193,Traffic,0,TRUE,0.99635786
193,SpeedSign,-1,-1,0.99833554
193,Vehicle,50,50,
193,CenterDist,0,-0.045316868,
193,Relative Angle,-3.118584806,-0.014151336,
194,Hazard,FALSE,FALSE,0.99693763
194,Traffic,0,TRUE,0.99354
194,SpeedSign,-1,-1,0.99844897
194,Vehicle,50,50,
194,CenterDist,0,-0.04660805,
194,Relative Angle,-3.118584806,-0.013293915,
195,Hazard,FALSE,FALSE,0.99742126
195,Traffic,0,TRUE,0.9920785
195,SpeedSign,-1,-1,0.9981711
195,Vehicle,50,50,
195,CenterDist,0,-0.042627019,
195,Relative Angle,-3.118584806,-0.014863808,
196,Hazard,FALSE,FALSE,0.99748355
196,Traffic,0,TRUE,0.9968983
196,SpeedSign,-1,-1,0.9983175
196,Vehicle,50,50,
196,CenterDist,0,-0.036578466,
196,Relative Angle,-3.118584806,-0.013219355,
197,Hazard,FALSE,FALSE,0.9971226
197,Traffic,0,TRUE,0.9965842
197,SpeedSign,-1,-1,0.9960828
197,Vehicle,50,50,
197,CenterDist,0,-0.034128415,
197,Relative Angle,-3.118584806,-0.014022653,
198,Hazard,FALSE,FALSE,0.9976936
198,Traffic,0,TRUE,0.99667823
198,SpeedSign,-1,-1,0.99686193
198,Vehicle,50,50,
198,CenterDist,0,-0.036835266,
198,Relative Angle,-3.118584806,-0.015621027,
199,Hazard,FALSE,FALSE,0.99798775
199,Traffic,0,TRUE,0.9901737
199,SpeedSign,-1,-1,0.9973449
199,Vehicle,50,50,
199,CenterDist,0,-0.03181089,
199,Relative Angle,-3.118584806,-0.013579881,
200,Hazard,FALSE,FALSE,0.9982779
200,Traffic,0,TRUE,0.9890953
200,SpeedSign,-1,-1,0.9987674
200,Vehicle,50,50,
200,CenterDist,0,-0.033549121,
200,Relative Angle,-3.118584806,-0.011100012,
201,Hazard,FALSE,FALSE,0.9978885
201,Traffic,0,TRUE,0.992698
201,SpeedSign,-1,-1,0.99788505
201,Vehicle,50,50,
201,CenterDist,0,-0.04462368,
201,Relative Angle,-3.118584806,-0.011856091,
202,Hazard,FALSE,FALSE,0.99778724
202,Traffic,0,TRUE,0.9950099
202,SpeedSign,-1,-1,0.99679154
202,Vehicle,50,50,
202,CenterDist,0,-0.045425092,
202,Relative Angle,-3.118584806,-0.011301259,
203,Hazard,FALSE,FALSE,0.9980261
203,Traffic,0,TRUE,0.9976725
203,SpeedSign,-1,-1,0.99554646
203,Vehicle,50,50,
203,CenterDist,0,-0.041447371,
203,Relative Angle,-3.118584806,-0.013728093,
204,Hazard,FALSE,FALSE,0.9978199
204,Traffic,0,TRUE,0.9975055
204,SpeedSign,-1,-1,0.9980775
204,Vehicle,50,50,
204,CenterDist,0,-0.04212261,
204,Relative Angle,-3.118584806,-0.013677708,
205,Hazard,FALSE,FALSE,0.9977424
205,Traffic,0,TRUE,0.9927856
205,SpeedSign,-1,-1,0.997813
205,Vehicle,50,50,
205,CenterDist,0,-0.038313726,
205,Relative Angle,-3.118584806,-0.015470954,
206,Hazard,FALSE,FALSE,0.9979298
206,Traffic,0,TRUE,0.9919477
206,SpeedSign,-1,-1,0.99885917
206,Vehicle,50,50,
206,CenterDist,0,-0.038564473,
206,Relative Angle,-3.118584806,-0.016869599,
207,Hazard,FALSE,FALSE,0.9979049
207,Traffic,0,TRUE,0.98565567
207,SpeedSign,-1,-1,0.9985753
207,Vehicle,50,50,
207,CenterDist,0,-0.034388573,
207,Relative Angle,-3.118584806,-0.014508924,
208,Hazard,FALSE,FALSE,0.9980641
208,Traffic,0,TRUE,0.9935022
208,SpeedSign,-1,-1,0.99839884
208,Vehicle,50,50,
208,CenterDist,0,-0.036340145,
208,Relative Angle,-3.118584806,-0.011215662,
209,Hazard,FALSE,FALSE,0.9979526
209,Traffic,0,TRUE,0.9867143
209,SpeedSign,-1,-1,0.9987495
209,Vehicle,50,50,
209,CenterDist,0,-0.046680462,
209,Relative Angle,-3.118584806,-0.012670893,
210,Hazard,FALSE,FALSE,0.9978942
210,Traffic,0,TRUE,0.99132967
210,SpeedSign,-1,-1,0.99826235
210,Vehicle,50,50,
210,CenterDist,0,-0.044635724,
210,Relative Angle,-3.118584806,-0.01201323,
211,Hazard,FALSE,FALSE,0.99804604
211,Traffic,0,TRUE,0.99173075
211,SpeedSign,-1,-1,0.9973998
211,Vehicle,50,50,
211,CenterDist,0,-0.033060269,
211,Relative Angle,-3.118584806,-0.01490703,
212,Hazard,FALSE,FALSE,0.997908
212,Traffic,0,TRUE,0.99647313
212,SpeedSign,-1,-1,0.99818414
212,Vehicle,50,50,
212,CenterDist,0,-0.031554392,
212,Relative Angle,-3.118584806,-0.012900006,
213,Hazard,FALSE,FALSE,0.9975674
213,Traffic,0,TRUE,0.9920959
213,SpeedSign,-1,-1,0.9961259
213,Vehicle,50,50,
213,CenterDist,0,-0.02521607,
213,Relative Angle,-3.118584806,-0.013429003,
214,Hazard,FALSE,FALSE,0.9975879
214,Traffic,0,TRUE,0.99819994
214,SpeedSign,-1,-1,0.99736434
214,Vehicle,50,50,
214,CenterDist,0,-0.038041819,
214,Relative Angle,-3.118584806,-0.015268424,
215,Hazard,FALSE,FALSE,0.99729973
215,Traffic,0,TRUE,0.9963989
215,SpeedSign,-1,-1,0.9969813
215,Vehicle,50,50,
215,CenterDist,0,-0.041875985,
215,Relative Angle,-3.118584806,-0.014283787,
216,Hazard,FALSE,FALSE,0.9978022
216,Traffic,0,TRUE,0.99810886
216,SpeedSign,-1,-1,0.9976827
216,Vehicle,50,50,
216,CenterDist,0,-0.042900205,
216,Relative Angle,-3.118584806,-0.012771507,
217,Hazard,FALSE,FALSE,0.9975642
217,Traffic,0,TRUE,0.9967096
217,SpeedSign,-1,-1,0.9978942
217,Vehicle,50,50,
217,CenterDist,0,-0.052193087,
217,Relative Angle,-3.118584806,-0.012932236,
218,Hazard,FALSE,FALSE,0.9974395
218,Traffic,0,TRUE,0.99377054
218,SpeedSign,-1,-1,0.9972166
218,Vehicle,50,50,
218,CenterDist,0,-0.05138166,
218,Relative Angle,-3.118584806,-0.013010548,
219,Hazard,FALSE,FALSE,0.99764794
219,Traffic,0,TRUE,0.9972389
219,SpeedSign,-1,-1,0.9957207
219,Vehicle,50,50,
219,CenterDist,0,-0.045972449,
219,Relative Angle,-3.118584806,-0.014836379,
220,Hazard,FALSE,FALSE,0.9973084
220,Traffic,0,TRUE,0.996223
220,SpeedSign,-1,-1,0.99781054
220,Vehicle,50,50,
220,CenterDist,0,-0.041649867,
220,Relative Angle,-3.118584806,-0.012749844,
221,Hazard,FALSE,FALSE,0.9968437
221,Traffic,0,TRUE,0.99538213
221,SpeedSign,-1,-1,0.994938
221,Vehicle,50,50,
221,CenterDist,0,-0.034495468,
221,Relative Angle,-3.118584806,-0.014578451,
222,Hazard,FALSE,FALSE,0.9972645
222,Traffic,0,TRUE,0.997789
222,SpeedSign,-1,-1,0.99771607
222,Vehicle,50,50,
222,CenterDist,0,-0.040013949,
222,Relative Angle,-3.118584806,-0.015834189,
223,Hazard,FALSE,FALSE,0.9970854
223,Traffic,0,TRUE,0.99647504
223,SpeedSign,-1,-1,0.9982066
223,Vehicle,50,50,
223,CenterDist,0,-0.03677165,
223,Relative Angle,-3.118584806,-0.013971456,
224,Hazard,FALSE,FALSE,0.99755645
224,Traffic,0,TRUE,0.9981573
224,SpeedSign,-1,-1,0.99780506
224,Vehicle,50,50,
224,CenterDist,0,-0.037474582,
224,Relative Angle,-3.118584806,-0.010895462,
225,Hazard,FALSE,FALSE,0.9971476
225,Traffic,0,TRUE,0.9943879
225,SpeedSign,-1,-1,0.99741936
225,Vehicle,50,50,
225,CenterDist,0,-0.047695763,
225,Relative Angle,-3.118584806,-0.010311702,
226,Hazard,FALSE,FALSE,0.9971771
226,Traffic,0,TRUE,0.996784
226,SpeedSign,-1,-1,0.99691236
226,Vehicle,50,50,
226,CenterDist,0,-0.044614317,
226,Relative Angle,-3.118584806,-0.01046119,
227,Hazard,FALSE,FALSE,0.9975661
227,Traffic,0,TRUE,0.9970048
227,SpeedSign,-1,-1,0.9959197
227,Vehicle,50,50,
227,CenterDist,0,-0.036456611,
227,Relative Angle,-3.118584806,-0.013311827,
228,Hazard,FALSE,FALSE,0.9975243
228,Traffic,0,TRUE,0.9953941
228,SpeedSign,-1,-1,0.99822253
228,Vehicle,50,50,
228,CenterDist,0,-0.037488619,
228,Relative Angle,-3.118584806,-0.011867618,
229,Hazard,FALSE,FALSE,0.9973966
229,Traffic,0,TRUE,0.9963427
229,SpeedSign,-1,-1,0.99565953
229,Vehicle,50,50,
229,CenterDist,0,-0.038047885,
229,Relative Angle,-3.118584806,-0.013258508,
230,Hazard,FALSE,FALSE,0.99766904
230,Traffic,0,TRUE,0.99827075
230,SpeedSign,-1,-1,0.99633574
230,Vehicle,50,50,
230,CenterDist,0,-0.037181897,
230,Relative Angle,-3.118584806,-0.015191382,
231,Hazard,FALSE,FALSE,0.99747187
231,Traffic,0,TRUE,0.9971884
231,SpeedSign,-1,-1,0.99828136
231,Vehicle,50,50,
231,CenterDist,0,-0.036925516,
231,Relative Angle,-3.118584806,-0.014676717,
232,Hazard,FALSE,FALSE,0.9978993
232,Traffic,0,TRUE,0.9973465
232,SpeedSign,-1,-1,0.99887615
232,Vehicle,50,50,
232,CenterDist,0,-0.04024901,
232,Relative Angle,-3.118584806,-0.013563876,
233,Hazard,FALSE,FALSE,0.997311
233,Traffic,0,TRUE,0.996831
233,SpeedSign,-1,-1,0.99846566
233,Vehicle,50,50,
233,CenterDist,0,-0.046741838,
233,Relative Angle,-3.118584806,-0.013924803,
234,Hazard,FALSE,FALSE,0.996953
234,Traffic,0,TRUE,0.9944988
234,SpeedSign,-1,-1,0.99853075
234,Vehicle,50,50,
234,CenterDist,0,-0.047929065,
234,Relative Angle,-3.118584806,-0.013186429,
235,Hazard,FALSE,FALSE,0.9974554
235,Traffic,0,TRUE,0.99312156
235,SpeedSign,-1,-1,0.9983437
235,Vehicle,50,50,
235,CenterDist,0,-0.044288699,
235,Relative Angle,-3.118584806,-0.015032645,
236,Hazard,FALSE,FALSE,0.99753344
236,Traffic,0,TRUE,0.9972203
236,SpeedSign,-1,-1,0.99852186
236,Vehicle,50,50,
236,CenterDist,0,-0.038173762,
236,Relative Angle,-3.118584806,-0.013323517,
237,Hazard,FALSE,FALSE,0.99719363
237,Traffic,0,TRUE,0.99707294
237,SpeedSign,-1,-1,0.9963471
237,Vehicle,50,50,
237,CenterDist,0,-0.034613275,
237,Relative Angle,-3.118584806,-0.014361258,
238,Hazard,FALSE,FALSE,0.9977449
238,Traffic,0,TRUE,0.99718
238,SpeedSign,-1,-1,0.99702924
238,Vehicle,50,50,
238,CenterDist,0,-0.037871789,
238,Relative Angle,-3.118584806,-0.016047787,
239,Hazard,FALSE,FALSE,0.9980361
239,Traffic,0,TRUE,0.9927093
239,SpeedSign,-1,-1,0.99740136
239,Vehicle,50,50,
239,CenterDist,0,-0.031991274,
239,Relative Angle,-3.118584806,-0.013844918,
240,Hazard,FALSE,FALSE,0.99833065
240,Traffic,0,TRUE,0.99057543
240,SpeedSign,-1,-1,0.99883705
240,Vehicle,50,50,
240,CenterDist,0,-0.032630166,
240,Relative Angle,-3.118584806,-0.011242424,
241,Hazard,FALSE,FALSE,0.9979662
241,Traffic,0,TRUE,0.9936818
241,SpeedSign,-1,-1,0.9977428
241,Vehicle,50,50,
241,CenterDist,0,-0.045190634,
241,Relative Angle,-3.118584806,-0.011749144,
242,Hazard,FALSE,FALSE,0.9978116
242,Traffic,0,TRUE,0.9950294
242,SpeedSign,-1,-1,0.99683136
242,Vehicle,50,50,
242,CenterDist,0,-0.045581049,
242,Relative Angle,-3.118584806,-0.010890759,
243,Hazard,FALSE,FALSE,0.99804866
243,Traffic,0,TRUE,0.99765885
243,SpeedSign,-1,-1,0.99567705
243,Vehicle,50,50,
243,CenterDist,0,-0.04189835,
243,Relative Angle,-3.118584806,-0.013215343,
244,Hazard,FALSE,FALSE,0.9978054
244,Traffic,0,TRUE,0.99778736
244,SpeedSign,-1,-1,0.9981577
244,Vehicle,50,50,
244,CenterDist,0,-0.043084753,
244,Relative Angle,-3.118584806,-0.012971332,
245,Hazard,FALSE,FALSE,0.99778086
245,Traffic,0,TRUE,0.9939859
245,SpeedSign,-1,-1,0.99780875
245,Vehicle,50,50,
245,CenterDist,0,-0.03893187,
245,Relative Angle,-3.118584806,-0.015057121,
246,Hazard,FALSE,FALSE,0.9979255
246,Traffic,0,TRUE,0.99438006
246,SpeedSign,-1,-1,0.99889296
246,Vehicle,50,50,
246,CenterDist,0,-0.039401328,
246,Relative Angle,-3.118584806,-0.016146788,
247,Hazard,FALSE,FALSE,0.9979482
247,Traffic,0,TRUE,0.98702776
247,SpeedSign,-1,-1,0.9985531
247,Vehicle,50,50,
247,CenterDist,0,-0.034003091,
247,Relative Angle,-3.118584806,-0.013764561,
248,Hazard,FALSE,FALSE,0.9980488
248,Traffic,0,TRUE,0.9948259
248,SpeedSign,-1,-1,0.998456
248,Vehicle,50,50,
248,CenterDist,0,-0.036050978,
248,Relative Angle,-3.118584806,-0.010262262,
249,Hazard,FALSE,FALSE,0.99800986
249,Traffic,0,TRUE,0.9869658
249,SpeedSign,-1,-1,0.99880767
249,Vehicle,50,50,
249,CenterDist,0,-0.046708523,
249,Relative Angle,-3.118584806,-0.011517595,
250,Hazard,FALSE,FALSE,0.99791473
250,Traffic,0,TRUE,0.9926466
250,SpeedSign,-1,-1,0.9982855
250,Vehicle,50,50,
250,CenterDist,0,-0.044735397,
250,Relative Angle,-3.118584806,-0.010855472,
251,Hazard,FALSE,FALSE,0.99802065
251,Traffic,0,TRUE,0.99262446
251,SpeedSign,-1,-1,0.99737024
251,Vehicle,50,50,
251,CenterDist,0,-0.033891201,
251,Relative Angle,-3.118584806,-0.013869725,
252,Hazard,FALSE,FALSE,0.9978929
252,Traffic,0,TRUE,0.996914
252,SpeedSign,-1,-1,0.9981217
252,Vehicle,50,50,
252,CenterDist,0,-0.032842289,
252,Relative Angle,-3.118584806,-0.011758511,
253,Hazard,FALSE,FALSE,0.99762815
253,Traffic,0,TRUE,0.9923562
253,SpeedSign,-1,-1,0.9962081
253,Vehicle,50,50,
253,CenterDist,0,-0.025756291,
253,Relative Angle,-3.118584806,-0.012295803,
254,Hazard,FALSE,FALSE,0.99767274
254,Traffic,0,TRUE,0.9983728
254,SpeedSign,-1,-1,0.99707186
254,Vehicle,50,50,
254,CenterDist,0,-0.039048202,
254,Relative Angle,-3.118584806,-0.014144795,
255,Hazard,FALSE,FALSE,0.9973732
255,Traffic,0,TRUE,0.9966137
255,SpeedSign,-1,-1,0.9968612
255,Vehicle,50,50,
255,CenterDist,0,-0.041439743,
255,Relative Angle,-3.118584806,-0.013393921,
256,Hazard,FALSE,FALSE,0.99781644
256,Traffic,0,TRUE,0.9981287
256,SpeedSign,-1,-1,0.9975466
256,Vehicle,50,50,
256,CenterDist,0,-0.042111513,
256,Relative Angle,-3.118584806,-0.012111057,
257,Hazard,FALSE,FALSE,0.99758804
257,Traffic,0,TRUE,0.9968598
257,SpeedSign,-1,-1,0.9978759
257,Vehicle,50,50,
257,CenterDist,0,-0.051812476,
257,Relative Angle,-3.118584806,-0.01256369,
258,Hazard,FALSE,FALSE,0.99738604
258,Traffic,0,TRUE,0.9934058
258,SpeedSign,-1,-1,0.997142
258,Vehicle,50,50,
258,CenterDist,0,-0.050495435,
258,Relative Angle,-3.118584806,-0.012842995,
259,Hazard,FALSE,FALSE,0.9976291
259,Traffic,0,TRUE,0.9974426
259,SpeedSign,-1,-1,0.9957858
259,Vehicle,50,50,
259,CenterDist,0,-0.04510587,
259,Relative Angle,-3.118584806,-0.014538407,
260,Hazard,FALSE,FALSE,0.99729365
260,Traffic,0,TRUE,0.99610907
260,SpeedSign,-1,-1,0.9977767
260,Vehicle,50,50,
260,CenterDist,0,-0.041429741,
260,Relative Angle,-3.118584806,-0.012036373,
261,Hazard,FALSE,FALSE,0.9967951
261,Traffic,0,TRUE,0.995291
261,SpeedSign,-1,-1,0.99478924
261,Vehicle,50,50,
261,CenterDist,0,-0.034864957,
261,Relative Angle,-3.118584806,-0.014152456,
262,Hazard,FALSE,FALSE,0.99727577
262,Traffic,0,TRUE,0.9977852
262,SpeedSign,-1,-1,0.99763215
262,Vehicle,50,50,
262,CenterDist,0,-0.040122751,
262,Relative Angle,-3.118584806,-0.015347154,
263,Hazard,FALSE,FALSE,0.99708015
263,Traffic,0,TRUE,0.9961361
263,SpeedSign,-1,-1,0.99822825
263,Vehicle,50,50,
263,CenterDist,0,-0.036884008,
263,Relative Angle,-3.118584806,-0.013263369,
264,Hazard,FALSE,FALSE,0.99745303
264,Traffic,0,TRUE,0.9977895
264,SpeedSign,-1,-1,0.9977514
264,Vehicle,50,50,
264,CenterDist,0,-0.037503431,
264,Relative Angle,-3.118584806,-0.010580381,
265,Hazard,FALSE,FALSE,0.9970626
265,Traffic,0,TRUE,0.990117
265,SpeedSign,-1,-1,0.99728405
265,Vehicle,50,50,
265,CenterDist,0,-0.048568468,
265,Relative Angle,-3.118584806,-0.00957617,
266,Hazard,FALSE,FALSE,0.9970517
266,Traffic,0,TRUE,0.9955165
266,SpeedSign,-1,-1,0.99681747
266,Vehicle,50,50,
266,CenterDist,0,-0.043660122,
266,Relative Angle,-3.118584806,-0.009869786,
267,Hazard,FALSE,FALSE,0.99734217
267,Traffic,0,TRUE,0.9963188
267,SpeedSign,-1,-1,0.99608696
267,Vehicle,50,50,
267,CenterDist,0,-0.03561561,
267,Relative Angle,-3.118584806,-0.012939535,
268,Hazard,FALSE,FALSE,0.99738234
268,Traffic,0,TRUE,0.9950787
268,SpeedSign,-1,-1,0.99844176
268,Vehicle,50,50,
268,CenterDist,0,-0.035806899,
268,Relative Angle,-3.118584806,-0.011463174,
269,Hazard,FALSE,FALSE,0.9972801
269,Traffic,0,TRUE,0.99675435
269,SpeedSign,-1,-1,0.9960743
269,Vehicle,50,50,
269,CenterDist,0,-0.035975577,
269,Relative Angle,-3.118584806,-0.012589565,
270,Hazard,FALSE,FALSE,0.99752885
270,Traffic,0,TRUE,0.9982868
270,SpeedSign,-1,-1,0.9963133
270,Vehicle,50,50,
270,CenterDist,0,-0.035203321,
270,Relative Angle,-3.118584806,-0.014491349,
271,Hazard,FALSE,FALSE,0.9973974
271,Traffic,0,TRUE,0.9973176
271,SpeedSign,-1,-1,0.9983845
271,Vehicle,50,50,
271,CenterDist,0,-0.03308018,
271,Relative Angle,-3.118584806,-0.014206394,
272,Hazard,FALSE,FALSE,0.9978155
272,Traffic,0,TRUE,0.9969748
272,SpeedSign,-1,-1,0.998825
272,Vehicle,50,50,
272,CenterDist,0,-0.034420448,
272,Relative Angle,-3.118584806,-0.012941832,
273,Hazard,FALSE,FALSE,0.9971908
273,Traffic,0,TRUE,0.996992
273,SpeedSign,-1,-1,0.99844307
273,Vehicle,50,50,
273,CenterDist,0,-0.041071361,
273,Relative Angle,-3.118584806,-0.013151792,
274,Hazard,FALSE,FALSE,0.9966851
274,Traffic,0,TRUE,0.9948201
274,SpeedSign,-1,-1,0.9984529
274,Vehicle,50,50,
274,CenterDist,0,-0.041895299,
274,Relative Angle,-3.118584806,-0.012703635,
275,Hazard,FALSE,FALSE,0.9972722
275,Traffic,0,TRUE,0.9944161
275,SpeedSign,-1,-1,0.99846315
275,Vehicle,50,50,
275,CenterDist,0,-0.038407076,
275,Relative Angle,-3.118584806,-0.014591616,
276,Hazard,FALSE,FALSE,0.99738306
276,Traffic,0,TRUE,0.9973792
276,SpeedSign,-1,-1,0.99855274
276,Vehicle,50,50,
276,CenterDist,0,-0.03036906,
276,Relative Angle,-3.118584806,-0.013078261,
277,Hazard,FALSE,FALSE,0.99704725
277,Traffic,0,TRUE,0.99701226
277,SpeedSign,-1,-1,0.99668545
277,Vehicle,50,50,
277,CenterDist,0,-0.027586094,
277,Relative Angle,-3.118584806,-0.013755844,
278,Hazard,FALSE,FALSE,0.99758077
278,Traffic,0,TRUE,0.9971951
278,SpeedSign,-1,-1,0.99722385
278,Vehicle,50,50,
278,CenterDist,0,-0.030151776,
278,Relative Angle,-3.118584806,-0.015728836,
279,Hazard,FALSE,FALSE,0.99791807
279,Traffic,0,TRUE,0.9922502
279,SpeedSign,-1,-1,0.9977609
279,Vehicle,50,50,
279,CenterDist,0,-0.024006822,
279,Relative Angle,-3.118584806,-0.01385576,
280,Hazard,FALSE,FALSE,0.99824107
280,Traffic,0,TRUE,0.9886906
280,SpeedSign,-1,-1,0.99888295
280,Vehicle,50,50,
280,CenterDist,0,-0.024623404,
280,Relative Angle,-3.118584806,-0.011949231,
281,Hazard,FALSE,FALSE,0.9978677
281,Traffic,0,TRUE,0.99295664
281,SpeedSign,-1,-1,0.99796486
281,Vehicle,50,50,
281,CenterDist,0,-0.038050148,
281,Relative Angle,-3.118584806,-0.01267181,
282,Hazard,FALSE,FALSE,0.9975916
282,Traffic,0,TRUE,0.9951462
282,SpeedSign,-1,-1,0.99697006
282,Vehicle,50,50,
282,CenterDist,0,-0.03847597,
282,Relative Angle,-3.118584806,-0.011991375,
283,Hazard,FALSE,FALSE,0.99783546
283,Traffic,0,TRUE,0.99744344
283,SpeedSign,-1,-1,0.9960259
283,Vehicle,50,50,
283,CenterDist,0,-0.033896109,
283,Relative Angle,-3.118584806,-0.014387236,
284,Hazard,FALSE,FALSE,0.9975623
284,Traffic,0,TRUE,0.99811304
284,SpeedSign,-1,-1,0.99827623
284,Vehicle,50,50,
284,CenterDist,0,-0.033726792,
284,Relative Angle,-3.118584806,-0.01402013,
285,Hazard,FALSE,FALSE,0.9975604
285,Traffic,0,TRUE,0.99314463
285,SpeedSign,-1,-1,0.99808586
285,Vehicle,50,50,
285,CenterDist,0,-0.029265834,
285,Relative Angle,-3.118584806,-0.016363849,
286,Hazard,FALSE,FALSE,0.99776995
286,Traffic,0,TRUE,0.9947942
286,SpeedSign,-1,-1,0.99894124
286,Vehicle,50,50,
286,CenterDist,0,-0.030277321,
286,Relative Angle,-3.118584806,-0.018088243,
287,Hazard,FALSE,FALSE,0.99792176
287,Traffic,0,TRUE,0.9865426
287,SpeedSign,-1,-1,0.9986286
287,Vehicle,50,50,
287,CenterDist,0,-0.024328024,
287,Relative Angle,-3.118584806,-0.015975097,
288,Hazard,FALSE,FALSE,0.99804175
288,Traffic,0,TRUE,0.9947237
288,SpeedSign,-1,-1,0.998509
288,Vehicle,50,50,
288,CenterDist,0,-0.026069355,
288,Relative Angle,-3.118584806,-0.01246651,
289,Hazard,FALSE,FALSE,0.99802256
289,Traffic,0,TRUE,0.98530614
289,SpeedSign,-1,-1,0.9987196
289,Vehicle,50,50,
289,CenterDist,0,-0.037294648,
289,Relative Angle,-3.118584806,-0.013877825,
290,Hazard,FALSE,FALSE,0.9978884
290,Traffic,0,TRUE,0.9929618
290,SpeedSign,-1,-1,0.9981823
290,Vehicle,50,50,
290,CenterDist,0,-0.035513144,
290,Relative Angle,-3.118584806,-0.012964222,
291,Hazard,FALSE,FALSE,0.9979917
291,Traffic,0,TRUE,0.9919778
291,SpeedSign,-1,-1,0.99713707
291,Vehicle,50,50,
291,CenterDist,0,-0.023035551,
291,Relative Angle,-3.118584806,-0.015908025,
292,Hazard,FALSE,FALSE,0.99788046
292,Traffic,0,TRUE,0.9967194
292,SpeedSign,-1,-1,0.9980007
292,Vehicle,50,50,
292,CenterDist,0,-0.02375001,
292,Relative Angle,-3.118584806,-0.013669119,
293,Hazard,FALSE,FALSE,0.9975228
293,Traffic,0,TRUE,0.99224925
293,SpeedSign,-1,-1,0.9961106
293,Vehicle,50,50,
293,CenterDist,0,-0.017195658,
293,Relative Angle,-3.118584806,-0.01405228,
294,Hazard,FALSE,FALSE,0.9975235
294,Traffic,0,TRUE,0.998248
294,SpeedSign,-1,-1,0.99691427
294,Vehicle,50,50,
294,CenterDist,0,-0.031986408,
294,Relative Angle,-3.118584806,-0.016270871,
295,Hazard,FALSE,FALSE,0.9972445
295,Traffic,0,TRUE,0.99671185
295,SpeedSign,-1,-1,0.996759
295,Vehicle,50,50,
295,CenterDist,0,-0.035228775,
295,Relative Angle,-3.118584806,-0.015891825,
296,Hazard,FALSE,FALSE,0.9976921
296,Traffic,0,TRUE,0.9980836
296,SpeedSign,-1,-1,0.9975286
296,Vehicle,50,50,
296,CenterDist,0,-0.036622927,
296,Relative Angle,-3.118584806,-0.014212655,
297,Hazard,FALSE,FALSE,0.997471
297,Traffic,0,TRUE,0.9966659
297,SpeedSign,-1,-1,0.99792707
297,Vehicle,50,50,
297,CenterDist,0,-0.04541931,
297,Relative Angle,-3.118584806,-0.014284517,
298,Hazard,FALSE,FALSE,0.9972722
298,Traffic,0,TRUE,0.99424213
298,SpeedSign,-1,-1,0.996908
298,Vehicle,50,50,
298,CenterDist,0,-0.044677429,
298,Relative Angle,-3.118584806,-0.01424763,
299,Hazard,FALSE,FALSE,0.99746275
299,Traffic,0,TRUE,0.99750924
299,SpeedSign,-1,-1,0.9954913
299,Vehicle,50,50,
299,CenterDist,0,-0.039934992,
299,Relative Angle,-3.118584806,-0.016043198,
300,Hazard,FALSE,FALSE,0.997165
300,Traffic,0,TRUE,0.99667966
300,SpeedSign,-1,-1,0.99765366
300,Vehicle,50,50,
300,CenterDist,0,-0.035302367,
300,Relative Angle,-3.118584806,-0.013763772,
301,Hazard,FALSE,FALSE,0.9966785
301,Traffic,0,TRUE,0.9956527
301,SpeedSign,-1,-1,0.9945023
301,Vehicle,50,50,
301,CenterDist,0,-0.029230243,
301,Relative Angle,-3.118584806,-0.01565431,
302,Hazard,FALSE,FALSE,0.9983993
302,Traffic,0,FALSE,0.9951899
302,SpeedSign,-1,-1,0.9998097
302,Vehicle,50,50,
302,CenterDist,0,-0.03642016,
302,Relative Angle,-3.118584806,-0.019486184,
303,Hazard,FALSE,FALSE,0.99859804
303,Traffic,0,FALSE,0.99476975
303,SpeedSign,-1,-1,0.99979
303,Vehicle,50,50,
303,CenterDist,0,-0.036307667,
303,Relative Angle,-3.118584806,-0.019192413,
304,Hazard,FALSE,FALSE,0.9987753
304,Traffic,0,FALSE,0.99910057
304,SpeedSign,-1,-1,0.9998265
304,Vehicle,50,50,
304,CenterDist,0,-0.030957593,
304,Relative Angle,-3.118584806,-0.016960356,
305,Hazard,FALSE,FALSE,0.9983563
305,Traffic,0,FALSE,0.99916756
305,SpeedSign,-1,-1,0.99975806
305,Vehicle,50,49.9999702,
305,CenterDist,0,-0.041176128,
305,Relative Angle,-3.118583208,-0.017592916,
306,Hazard,FALSE,FALSE,0.99837697
306,Traffic,0,FALSE,0.99960166
306,SpeedSign,-1,-1,0.9994642
306,Vehicle,50,49.99994636,
306,CenterDist,0,-0.043673987,
306,Relative Angle,-3.118584806,-0.01498322,
307,Hazard,FALSE,FALSE,0.9983516
307,Traffic,0,FALSE,0.9996277
307,SpeedSign,-1,-1,0.99962425
307,Vehicle,50,49.99986887,
307,CenterDist,0,-0.035915443,
307,Relative Angle,-3.118585339,-0.014747546,
308,Hazard,FALSE,FALSE,0.9982798
308,Traffic,0,FALSE,0.9997863
308,SpeedSign,-1,-1,0.9994746
308,Vehicle,50,49.99982119,
308,CenterDist,0,-0.022888488,
308,Relative Angle,-3.11897709,-0.013867099,
309,Hazard,FALSE,FALSE,0.9979381
309,Traffic,0,FALSE,0.9994947
309,SpeedSign,-1,-1,0.9994406
309,Vehicle,50,49.99982715,
309,CenterDist,0,-0.017673586,
309,Relative Angle,-3.119252993,-0.008379156,
310,Hazard,FALSE,FALSE,0.99750143
310,Traffic,0,FALSE,0.99979836
310,SpeedSign,-1,-1,0.99917394
310,Vehicle,50,49.99955893,
310,CenterDist,0,-0.017752118,
310,Relative Angle,-3.119357123,-0.006660493,
311,Hazard,FALSE,FALSE,0.9977337
311,Traffic,0,FALSE,0.9997644
311,SpeedSign,-1,-1,0.9995117
311,Vehicle,50,49.99905825,
311,CenterDist,0.1643,-0.013695317,
311,Relative Angle,-3.11937177,-0.009293001,
312,Hazard,FALSE,FALSE,0.9978709
312,Traffic,0,FALSE,0.99978095
312,SpeedSign,-1,-1,0.99926573
312,Vehicle,50,49.99890924,
312,CenterDist,0.1643,-0.008039487,
312,Relative Angle,-3.119487351,-0.010761888,
313,Hazard,FALSE,FALSE,0.99675924
313,Traffic,0,FALSE,0.99964154
313,SpeedSign,-1,-1,0.99874806
313,Vehicle,50,49.99885559,
313,CenterDist,0.1643,-0.014220831,
313,Relative Angle,-3.119479628,-0.010144422,
314,Hazard,FALSE,FALSE,0.99641186
314,Traffic,0,FALSE,0.99984956
314,SpeedSign,-1,-1,0.99731016
314,Vehicle,50,49.99872446,
314,CenterDist,0,-0.010085768,
314,Relative Angle,-3.119475367,-0.010716389,
315,Hazard,FALSE,FALSE,0.99569184
315,Traffic,0,FALSE,0.9998393
315,SpeedSign,-1,-1,0.99953914
315,Vehicle,50,49.99870658,
315,CenterDist,0,-0.017199066,
315,Relative Angle,-3.119471372,-0.012078853,
316,Hazard,FALSE,FALSE,0.9950942
316,Traffic,0,FALSE,0.99981076
316,SpeedSign,-1,-1,0.99842453
316,Vehicle,50,49.9985218,
316,CenterDist,0,-0.007861275,
316,Relative Angle,-3.119467378,-0.010495041,
317,Hazard,FALSE,FALSE,0.9939189
317,Traffic,0,FALSE,0.9998134
317,SpeedSign,-1,-1,0.99892634
317,Vehicle,50,49.99848008,
317,CenterDist,0.1643,-0.004201464,
317,Relative Angle,-3.119463383,-0.012035733,
318,Hazard,FALSE,FALSE,0.9922925
318,Traffic,0,FALSE,0.99989545
318,SpeedSign,-1,-1,0.99802786
318,Vehicle,50,49.9981761,
318,CenterDist,0.1643,-0.00619254,
318,Relative Angle,-3.119459122,-0.011134498,
319,Hazard,FALSE,FALSE,0.9884741
319,Traffic,0,FALSE,0.999811
319,SpeedSign,-1,-1,0.9993093
319,Vehicle,50,49.99787807,
319,CenterDist,0,-0.007318771,
319,Relative Angle,-3.119455127,-0.011235284,
320,Hazard,FALSE,FALSE,0.98850775
320,Traffic,0,FALSE,0.99982846
320,SpeedSign,-1,-1,0.9981823
320,Vehicle,50,49.99796152,
320,CenterDist,0.1643,-0.010813453,
320,Relative Angle,-3.119450866,-0.008830345,
321,Hazard,FALSE,FALSE,0.99070495
321,Traffic,0,FALSE,0.9995889
321,SpeedSign,-1,-1,0.99770015
321,Vehicle,50,49.99796748,
321,CenterDist,0,0.001096466,
321,Relative Angle,-3.119446072,-0.009197869,
322,Hazard,FALSE,FALSE,0.9951592
322,Traffic,0,FALSE,0.99958473
322,SpeedSign,-1,-1,0.999582
322,Vehicle,50,49.99853969,
322,CenterDist,0.1643,0.012232173,
322,Relative Angle,-3.119441811,-0.015539952,
323,Hazard,FALSE,FALSE,0.9962126
323,Traffic,0,FALSE,0.9996884
323,SpeedSign,-1,-1,0.99989605
323,Vehicle,50,49.99871254,
323,CenterDist,0,0.001759459,
323,Relative Angle,-3.119437018,-0.019848574,
324,Hazard,FALSE,FALSE,0.9980798
324,Traffic,0,FALSE,0.99988735
324,SpeedSign,-1,-1,0.9998412
324,Vehicle,50,49.99892116,
324,CenterDist,0.1643,0.006219826,
324,Relative Angle,-3.11943249,-0.021822282,
325,Hazard,FALSE,FALSE,0.9989158
325,Traffic,0,FALSE,0.9996952
325,SpeedSign,-1,-1,0.99968374
325,Vehicle,50,49.99862909,
325,CenterDist,0,0.018740656,
325,Relative Angle,-3.119427164,-0.023170058,
326,Hazard,FALSE,FALSE,0.9994661
326,Traffic,0,FALSE,0.99986327
326,SpeedSign,-1,-1,0.99989104
326,Vehicle,50,49.99909401,
326,CenterDist,0.1643,-0.010414998,
326,Relative Angle,-3.119423435,-0.028793353,
327,Hazard,FALSE,FALSE,0.999744
327,Traffic,0,FALSE,0.99988747
327,SpeedSign,-1,-1,0.99966097
327,Vehicle,50,49.99920726,
327,CenterDist,0,-0.004264256,
327,Relative Angle,-3.119419174,-0.031077459,
328,Hazard,FALSE,FALSE,0.99972516
328,Traffic,0,FALSE,0.999966
328,SpeedSign,-1,-1,0.99993885
328,Vehicle,50,49.9997437,
328,CenterDist,0.1643,0.003385357,
328,Relative Angle,-3.119415712,-0.037156204,
329,Hazard,FALSE,FALSE,0.99972373
329,Traffic,0,FALSE,0.99993443
329,SpeedSign,-1,-1,0.99991775
329,Vehicle,50,49.99973774,
329,CenterDist,0.1643,-0.00308446,
329,Relative Angle,-3.119411718,-0.043149705,
330,Hazard,FALSE,FALSE,0.9995561
330,Traffic,0,FALSE,0.9999589
330,SpeedSign,-1,-1,0.99996245
330,Vehicle,50,49.99990463,
330,CenterDist,0,0.005993801,
330,Relative Angle,-3.119409054,-0.043610868,
331,Hazard,FALSE,FALSE,0.99936503
331,Traffic,0,FALSE,0.99994254
331,SpeedSign,-1,-1,0.9999168
331,Vehicle,50,49.99998212,
331,CenterDist,0,0.003934466,
331,Relative Angle,-3.119406658,-0.052975311,
332,Hazard,FALSE,FALSE,0.99946696
332,Traffic,0,FALSE,0.99997747
332,SpeedSign,-1,-1,0.9988859
332,Vehicle,50,49.99995232,
332,CenterDist,0.1643,0.020224274,
332,Relative Angle,-3.120092155,-0.051126294,
333,Hazard,FALSE,FALSE,0.99944776
333,Traffic,0,FALSE,0.99998486
333,SpeedSign,-1,-1,0.9996061
333,Vehicle,50,49.99991655,
333,CenterDist,0.1643,0.016368017,
333,Relative Angle,-3.120793365,-0.050393637,
334,Hazard,FALSE,FALSE,0.9995704
334,Traffic,0,FALSE,0.99999094
334,SpeedSign,-1,-1,0.9993412
334,Vehicle,50,49.99983907,
334,CenterDist,0,0.019498472,
334,Relative Angle,-3.121390713,-0.051025224,
335,Hazard,FALSE,FALSE,0.9987563
335,Traffic,0,FALSE,0.9999939
335,SpeedSign,-1,-1,0.9995654
335,Vehicle,50,49.99984503,
335,CenterDist,0.1643,0.043414871,
335,Relative Angle,-3.122006968,-0.058340915,
336,Hazard,FALSE,FALSE,0.99799466
336,Traffic,0,FALSE,0.99999595
336,SpeedSign,-1,-1,0.9996043
336,Vehicle,50,49.99979138,
336,CenterDist,0.1643,0.036089598,
336,Relative Angle,-3.123192607,-0.055773693,
337,Hazard,FALSE,FALSE,0.9980702
337,Traffic,0,FALSE,0.9999956
337,SpeedSign,-1,-1,0.99974984
337,Vehicle,50,49.99965429,
337,CenterDist,0,0.057145813,
337,Relative Angle,-3.12441633,-0.05203819,
338,Hazard,FALSE,FALSE,0.99687886
338,Traffic,0,FALSE,0.999997
338,SpeedSign,-1,-1,0.99929416
338,Vehicle,50,49.99953508,
338,CenterDist,0.1643,0.03882405,
338,Relative Angle,-3.125115143,-0.049350903,
339,Hazard,FALSE,FALSE,0.9970285
339,Traffic,0,FALSE,0.999997
339,SpeedSign,-1,-1,0.99912673
339,Vehicle,50,49.99926686,
339,CenterDist,0.1643,0.024654526,
339,Relative Angle,-3.125460822,-0.048552106,
340,Hazard,FALSE,FALSE,0.9966543
340,Traffic,0,FALSE,0.9999976
340,SpeedSign,-1,-1,0.99958247
340,Vehicle,50,49.99902844,
340,CenterDist,0,0.006744817,
340,Relative Angle,-3.125722344,-0.043739222,
341,Hazard,FALSE,FALSE,0.99560934
341,Traffic,0,FALSE,0.99999785
341,SpeedSign,-1,-1,0.99915254
341,Vehicle,50,49.99876618,
341,CenterDist,0.1643,-0.016868391,
341,Relative Angle,-3.125805701,-0.031012246,
342,Hazard,FALSE,FALSE,0.9951298
342,Traffic,0,FALSE,0.999998
342,SpeedSign,-1,-1,0.9995239
342,Vehicle,50,49.9986589,
342,CenterDist,0,-0.028819074,
342,Relative Angle,-3.125818484,-0.018183182,
343,Hazard,FALSE,FALSE,0.9948645
343,Traffic,0,FALSE,0.9999976
343,SpeedSign,-1,-1,0.99874026
343,Vehicle,50,49.99876022,
343,CenterDist,0.1643,-0.040388371,
343,Relative Angle,-3.125820615,-0.013722839,
344,Hazard,FALSE,FALSE,0.995001
344,Traffic,0,FALSE,0.99999785
344,SpeedSign,-1,-1,0.9985071
344,Vehicle,50,49.99866486,
344,CenterDist,0.1643,-0.050113115,
344,Relative Angle,-3.125820615,-0.016955241,
345,Hazard,FALSE,FALSE,0.99565446
345,Traffic,0,FALSE,0.9999974
345,SpeedSign,-1,-1,0.9985625
345,Vehicle,50,49.99862313,
345,CenterDist,0,-0.079597869,
345,Relative Angle,-3.125820615,-0.00290974,
346,Hazard,FALSE,FALSE,0.99580115
346,Traffic,0,FALSE,0.99999785
346,SpeedSign,-1,-1,0.99977607
346,Vehicle,50,49.9986887,
346,CenterDist,0.1643,-0.111353257,
346,Relative Angle,-3.125820615,0.007448774,
347,Hazard,FALSE,FALSE,0.99755573
347,Traffic,0,FALSE,0.99999774
347,SpeedSign,-1,-1,0.9993749
347,Vehicle,50,49.99883175,
347,CenterDist,0.1643,-0.124800227,
347,Relative Angle,-3.125820615,0.010962675,
348,Hazard,FALSE,FALSE,0.9981659
348,Traffic,0,FALSE,0.999998
348,SpeedSign,-1,-1,0.9994281
348,Vehicle,50,49.99839664,
348,CenterDist,0,-0.112322892,
348,Relative Angle,-3.125820615,0.022790566,
349,Hazard,FALSE,FALSE,0.9980799
349,Traffic,0,FALSE,0.9999969
349,SpeedSign,-1,-1,0.99954885
349,Vehicle,50,49.99803901,
349,CenterDist,0.1643,-0.124709805,
349,Relative Angle,-3.125820615,0.036091696,
350,Hazard,FALSE,FALSE,0.99714017
350,Traffic,0,FALSE,0.99999714
350,SpeedSign,-1,-1,0.9996227
350,Vehicle,50,49.9982059,
350,CenterDist,0.1643,-0.115278915,
350,Relative Angle,-3.125820615,0.047121056,
351,Hazard,FALSE,FALSE,0.9969602
351,Traffic,0,FALSE,0.999997
351,SpeedSign,-1,-1,0.999703
351,Vehicle,50,49.9981761,
351,CenterDist,0,-0.109654351,
351,Relative Angle,-3.125820615,0.053951933,
352,Hazard,FALSE,FALSE,0.9969928
352,Traffic,0,FALSE,0.99999714
352,SpeedSign,-1,-1,0.99971646
352,Vehicle,50,49.99818206,
352,CenterDist,0,-0.08085458,
352,Relative Angle,-3.125640585,0.064842611,
353,Hazard,FALSE,FALSE,0.9954203
353,Traffic,0,FALSE,0.9999963
353,SpeedSign,-1,-1,0.99890506
353,Vehicle,50,49.99821186,
353,CenterDist,0,-0.063582019,
353,Relative Angle,-3.124187032,0.071430377,
354,Hazard,FALSE,FALSE,0.99462646
354,Traffic,0,FALSE,0.99999654
354,SpeedSign,-1,-1,0.9996673
354,Vehicle,50,49.9981463,
354,CenterDist,0,-0.051102372,
354,Relative Angle,-3.12149138,0.088326423,
355,Hazard,FALSE,FALSE,0.9959216
355,Traffic,0,FALSE,0.9999964
355,SpeedSign,-1,-1,0.99951243
355,Vehicle,50,49.99787211,
355,CenterDist,0.232355288,-0.054399638,
355,Relative Angle,-3.116805015,0.104054549,
356,Hazard,FALSE,FALSE,0.9952721
356,Traffic,0,FALSE,0.9999958
356,SpeedSign,-1,-1,0.9994221
356,Vehicle,50,49.99754429,
356,CenterDist,0.1643,-0.031307472,
356,Relative Angle,-3.109963621,0.111174591,
357,Hazard,FALSE,FALSE,0.9956655
357,Traffic,0,FALSE,0.99999535
357,SpeedSign,-1,-1,0.9992341
357,Vehicle,50,49.99665022,
357,CenterDist,0.232355288,-0.016834756,
357,Relative Angle,-3.101613013,0.126578533,
358,Hazard,FALSE,FALSE,0.99582255
358,Traffic,0,FALSE,0.9999956
358,SpeedSign,-1,-1,0.99976
358,Vehicle,50,49.99661446,
358,CenterDist,0.1643,-0.008871636,
358,Relative Angle,-3.091400589,0.140224161,
359,Hazard,FALSE,FALSE,0.9945602
359,Traffic,0,FALSE,0.9999926
359,SpeedSign,-1,-1,0.99948967
359,Vehicle,50,49.99642968,
359,CenterDist,0,-0.003917341,
359,Relative Angle,-3.079271755,0.148877144,
360,Hazard,FALSE,FALSE,0.9932054
360,Traffic,0,FALSE,0.99999356
360,SpeedSign,-1,-1,0.9994066
360,Vehicle,50,49.99610186,
360,CenterDist,0.1643,-0.001961691,
360,Relative Angle,-3.065705346,0.15330316,
361,Hazard,FALSE,FALSE,0.9939779
361,Traffic,0,FALSE,0.9999925
361,SpeedSign,-1,-1,0.9997273
361,Vehicle,50,49.99563694,
361,CenterDist,0.1643,-0.018479286,
361,Relative Angle,-3.051286193,0.167182388,
362,Hazard,FALSE,FALSE,0.99356824
362,Traffic,0,FALSE,0.9999902
362,SpeedSign,-1,-1,0.9997105
362,Vehicle,50,49.99544024,
362,CenterDist,0.1643,-0.014798138,
362,Relative Angle,-3.035553302,0.171944874,
363,Hazard,FALSE,FALSE,0.99359304
363,Traffic,0,FALSE,0.99999106
363,SpeedSign,-1,-1,0.9998299
363,Vehicle,50,49.99530911,
363,CenterDist,0.1643,-0.017963565,
363,Relative Angle,-3.018862206,0.186555479,
364,Hazard,FALSE,FALSE,0.99351305
364,Traffic,0,FALSE,0.9999927
364,SpeedSign,-1,-1,0.99977285
364,Vehicle,50,49.99438524,
364,CenterDist,0.1643,-0.024811986,
364,Relative Angle,-3.000717824,0.188297507,
365,Hazard,FALSE,FALSE,0.9958216
365,Traffic,0,FALSE,0.99999213
365,SpeedSign,-1,-1,0.99991083
365,Vehicle,50,49.99395013,
365,CenterDist,0.232355288,-0.006571163,
365,Relative Angle,-2.981843735,0.202084391,
366,Hazard,FALSE,FALSE,0.9965514
366,Traffic,0,FALSE,0.9999919
366,SpeedSign,-1,-1,0.99981314
366,Vehicle,50,49.99336004,
366,CenterDist,0.1643,0.00711673,
366,Relative Angle,-2.961614097,0.210884208,
367,Hazard,FALSE,FALSE,0.99752456
367,Traffic,0,FALSE,0.9999925
367,SpeedSign,-1,-1,0.99972576
367,Vehicle,50,49.99416471,
367,CenterDist,0.1643,-0.008359397,
367,Relative Angle,-2.940003077,0.21863569,
368,Hazard,FALSE,FALSE,0.99741876
368,Traffic,0,FALSE,0.9999896
368,SpeedSign,-1,-1,0.9989605
368,Vehicle,50,49.99324083,
368,CenterDist,0.232355288,-0.006602491,
368,Relative Angle,-2.917352093,0.20789786,
369,Hazard,FALSE,FALSE,0.9967962
369,Traffic,0,FALSE,0.9999918
369,SpeedSign,-1,-1,0.998708
369,Vehicle,50,49.99375343,
369,CenterDist,0.232355288,-0.008137979,
369,Relative Angle,-2.895177282,0.215969515,
370,Hazard,FALSE,FALSE,0.9968727
370,Traffic,0,FALSE,0.9999912
370,SpeedSign,-1,-1,0.9984314
370,Vehicle,50,49.99423027,
370,CenterDist,0.3286,0.013101888,
370,Relative Angle,-2.872663185,0.211560043,
371,Hazard,FALSE,FALSE,0.9972479
371,Traffic,2,FALSE,0.99998784
371,SpeedSign,-1,-1,0.99784434
371,Vehicle,50,49.99444485,
371,CenterDist,0.232355288,-0.022488219,
371,Relative Angle,-2.850122189,0.209332617,
372,Hazard,FALSE,FALSE,0.99749595
372,Traffic,2,FALSE,0.9999875
372,SpeedSign,-1,-1,0.99771047
372,Vehicle,50,49.99488592,
372,CenterDist,0.1643,0.003881861,
372,Relative Angle,-2.827981733,0.216690752,
373,Hazard,FALSE,FALSE,0.99668866
373,Traffic,2,FALSE,0.99998796
373,SpeedSign,-1,-1,0.99829143
373,Vehicle,50,49.99309778,
373,CenterDist,0.1643,0.013055693,
373,Relative Angle,-2.80527722,0.212929955,
374,Hazard,FALSE,FALSE,0.9981598
374,Traffic,2,FALSE,0.9999927
374,SpeedSign,-1,-1,0.99896526
374,Vehicle,50,49.99429584,
374,CenterDist,0.232355288,0.004068753,
374,Relative Angle,-2.782487485,0.216283644,
375,Hazard,FALSE,FALSE,0.99784696
375,Traffic,2,FALSE,0.999992
375,SpeedSign,-1,-1,0.99804425
375,Vehicle,50,49.99457002,
375,CenterDist,0.3286,0.007627462,
375,Relative Angle,-2.759507867,0.203927523,
376,Hazard,FALSE,FALSE,0.9981127
376,Traffic,2,FALSE,0.99999
376,SpeedSign,-1,-1,0.9886873
376,Vehicle,50,49.99456406,
376,CenterDist,0,0.035327612,
376,Relative Angle,-2.73740363,0.205467073,
377,Hazard,FALSE,FALSE,0.99743915
377,Traffic,2,FALSE,0.99999106
377,SpeedSign,-1,-1,0.9567049
377,Vehicle,50,49.99476671,
377,CenterDist,0.1643,0.031185469,
377,Relative Angle,-2.715441339,0.204166532,
378,Hazard,FALSE,FALSE,0.99489117
378,Traffic,2,FALSE,0.9999641
378,SpeedSign,-1,-1,0.95147854
378,Vehicle,50,49.9935627,
378,CenterDist,0.1643,0.024452229,
378,Relative Angle,-2.693542165,0.189527568,
379,Hazard,FALSE,FALSE,0.99417937
379,Traffic,2,FALSE,0.9999778
379,SpeedSign,-1,-1,0.9188474
379,Vehicle,50,49.99232292,
379,CenterDist,0,0.034864938,
379,Relative Angle,-2.672938087,0.178143791,
380,Hazard,FALSE,FALSE,0.98587763
380,Traffic,2,FALSE,0.9999062
380,SpeedSign,-1,-1,0.6930594
380,Vehicle,50,49.99245405,
380,CenterDist,0,0.018926477,
380,Relative Angle,-2.65379928,0.1799349,
381,Hazard,FALSE,FALSE,0.97955185
381,Traffic,2,FALSE,0.9998472
381,SpeedSign,-1,-1,0.8180375
381,Vehicle,50,49.99184012,
381,CenterDist,0.1643,0.038415885,
381,Relative Angle,-2.635081785,0.182316731,
382,Hazard,FALSE,FALSE,0.9665845
382,Traffic,2,FALSE,0.99886286
382,SpeedSign,-1,-1,0.88230026
382,Vehicle,50,49.98944402,
382,CenterDist,0.1643,0.048228406,
382,Relative Angle,-2.616122741,0.2027301,
383,Hazard,FALSE,FALSE,0.9565991
383,Traffic,2,FALSE,0.9957035
383,SpeedSign,-1,-1,0.92043704
383,Vehicle,50,49.9879837,
383,CenterDist,0.232355288,0.069556057,
383,Relative Angle,-2.595378314,0.209234003,
384,Hazard,FALSE,FALSE,0.93989384
384,Traffic,2,FALSE,0.993407
384,SpeedSign,-1,-1,0.89761114
384,Vehicle,50,49.98529553,
384,CenterDist,0.51956222,0.078615181,
384,Relative Angle,-2.573156099,0.22767343,
385,Hazard,FALSE,FALSE,0.93594265
385,Traffic,2,FALSE,0.97630954
385,SpeedSign,-1,-1,0.9790445
385,Vehicle,50,49.98427033,
385,CenterDist,0.6572,0.098781754,
385,Relative Angle,-2.549016408,0.248735621,
386,Hazard,FALSE,FALSE,0.93070066
386,Traffic,2,FALSE,0.98975337
386,SpeedSign,-1,-1,0.98162377
386,Vehicle,50,49.98162389,
386,CenterDist,0.677426254,0.126127701,
386,Relative Angle,-2.522398912,0.265586927,
387,Hazard,FALSE,FALSE,0.9165059
387,Traffic,0,FALSE,0.9279088
387,SpeedSign,-1,-1,0.9656619
387,Vehicle,50,49.97875094,
387,CenterDist,0.592392075,0.149621649,
387,Relative Angle,-2.493373385,0.276083664,
388,Hazard,FALSE,FALSE,0.9009275
388,Traffic,0,TRUE,0.5810187
388,SpeedSign,-1,-1,0.9694101
388,Vehicle,50,49.97501373,
388,CenterDist,0.51956222,0.157228985,
388,Relative Angle,-2.462494831,0.286599686,
389,Hazard,FALSE,FALSE,0.905248
389,Traffic,0,TRUE,0.733602
389,SpeedSign,-1,-1,0.9783131
389,Vehicle,50,49.97439981,
389,CenterDist,0.6572,0.183740185,
389,Relative Angle,-2.430111858,0.282119915,
390,Hazard,FALSE,FALSE,0.94205576
390,Traffic,0,TRUE,0.7415539
390,SpeedSign,-1,-1,0.99032354
390,Vehicle,50,49.97222424,
390,CenterDist,0.837768906,0.234406033,
390,Relative Angle,-2.39729399,0.289816873,
391,Hazard,FALSE,FALSE,0.93667924
391,Traffic,0,TRUE,0.8606118
391,SpeedSign,-1,-1,0.93874884
391,Vehicle,50,49.96809363,
391,CenterDist,0.884782578,0.254537292,
391,Relative Angle,-2.363629503,0.297943571,
392,Hazard,TRUE,FALSE,0.9212409
392,Traffic,0,TRUE,0.8859827
392,SpeedSign,-1,-1,0.99281317
392,Vehicle,50,49.96753335,
392,CenterDist,0.9858,0.29199096,
392,Relative Angle,-2.328820923,0.311179025,
393,Hazard,TRUE,FALSE,0.90038025
393,Traffic,0,TRUE,0.8284439
393,SpeedSign,-1,-1,0.92208576
393,Vehicle,50,49.96688366,
393,CenterDist,0.837768906,0.318417016,
393,Relative Angle,-2.292425631,0.310472023,
394,Hazard,TRUE,FALSE,0.91617405
394,Traffic,0,TRUE,0.811699
394,SpeedSign,-1,-1,0.9533374
394,Vehicle,50,49.97151494,
394,CenterDist,0.9858,0.313134285,
394,Relative Angle,-2.255144305,0.292262575,
395,Hazard,TRUE,FALSE,0.8940243
395,Traffic,0,TRUE,0.5669356
395,SpeedSign,-1,-1,0.948776
395,Vehicle,50,49.97071624,
395,CenterDist,1.102157906,0.337456982,
395,Relative Angle,-2.218919854,0.286360292,
396,Hazard,TRUE,FALSE,0.8811602
396,Traffic,0,TRUE,0.6245724
396,SpeedSign,-1,-1,0.96549493
396,Vehicle,50,49.97036457,
396,CenterDist,0.999397884,0.378112634,
396,Relative Angle,-2.183593156,0.279747613,
397,Hazard,TRUE,FALSE,0.85855055
397,Traffic,0,FALSE,0.5542207
397,SpeedSign,-1,-1,0.95198315
397,Vehicle,50,49.96964335,
397,CenterDist,0.999397884,0.392728771,
397,Relative Angle,-2.148819596,0.268223859,
398,Hazard,TRUE,FALSE,0.7782141
398,Traffic,0,FALSE,0.5121227
398,SpeedSign,-1,-1,0.8832569
398,Vehicle,50,49.94138479,
398,CenterDist,0.9858,0.402068918,
398,Relative Angle,-2.115023682,0.252000926,
399,Hazard,TRUE,FALSE,0.801589
399,Traffic,0,FALSE,0.99102134
399,SpeedSign,-1,-1,0.9815719
399,Vehicle,50,49.95734692,
399,CenterDist,1.161776441,0.450890187,
399,Relative Angle,-2.082862683,0.25641248,
400,Hazard,TRUE,FALSE,0.8670257
400,Traffic,0,FALSE,0.8978275
400,SpeedSign,-1,-1,0.9543885
400,Vehicle,50,49.97184277,
400,CenterDist,1.1501,0.42501941,
400,Relative Angle,-2.05080355,0.273480637,
401,Hazard,FALSE,FALSE,0.8465448
401,Traffic,0,FALSE,0.9924319
401,SpeedSign,-1,-1,0.94276977
401,Vehicle,50,49.8157084,
401,CenterDist,1.1501,0.394575158,
401,Relative Angle,-2.017477151,0.273236218,
402,Hazard,FALSE,FALSE,0.80862314
402,Traffic,0,FALSE,0.9878473
402,SpeedSign,-1,-1,0.9683612
402,Vehicle,10.713384,49.77707863,
402,CenterDist,1.161776441,0.358506022,
402,Relative Angle,-1.983631436,0.277589106,
403,Hazard,FALSE,FALSE,0.8243447
403,Traffic,0,FALSE,0.9951389
403,SpeedSign,-1,-1,0.991223
403,Vehicle,10.58617613,49.82694983,
403,CenterDist,1.1501,0.333416199,
403,Relative Angle,-1.949548434,0.27717892,
404,Hazard,FALSE,FALSE,0.87098926
404,Traffic,0,FALSE,0.99907255
404,SpeedSign,-1,-1,0.9975089
404,Vehicle,10.46535435,48.94108176,
404,CenterDist,0.9858,0.274978939,
404,Relative Angle,-1.915503381,0.285924372,
405,Hazard,FALSE,FALSE,0.925739
405,Traffic,0,FALSE,0.99976116
405,SpeedSign,-1,-1,0.99536055
405,Vehicle,10.35263102,36.40679121,
405,CenterDist,1.161776441,0.269898631,
405,Relative Angle,-1.881138217,0.276614192,
406,Hazard,FALSE,FALSE,0.9406418
406,Traffic,0,FALSE,0.9996699
406,SpeedSign,-1,-1,0.96844697
406,Vehicle,10.24528654,16.42992198,
406,CenterDist,1.161776441,0.258247363,
406,Relative Angle,-1.847296497,0.257991367,
407,Hazard,FALSE,FALSE,0.9782081
407,Traffic,0,FALSE,0.99985445
407,SpeedSign,-1,-1,0.9606165
407,Vehicle,10.13861517,10.17884463,
407,CenterDist,1.1501,0.245668842,
407,Relative Angle,-1.815355741,0.240974294,
408,Hazard,FALSE,FALSE,0.98895615
408,Traffic,0,FALSE,0.99985147
408,SpeedSign,-1,-1,0.9565076
408,Vehicle,10.03203442,8.877598494,
408,CenterDist,0.999397884,0.216163555,
408,Relative Angle,-1.786033805,0.219495059,
409,Hazard,FALSE,FALSE,0.9892407
409,Traffic,0,FALSE,0.999895
409,SpeedSign,-1,-1,0.94285506
409,Vehicle,50,8.405958116,
409,CenterDist,0.9858,0.193125667,
409,Relative Angle,-1.760070648,0.187395225,
410,Hazard,FALSE,FALSE,0.99511045
410,Traffic,0,FALSE,0.9998939
410,SpeedSign,-1,-1,0.89224404
410,Vehicle,50,8.127166331,
410,CenterDist,0.9858,0.177772373,
410,Relative Angle,-1.738509562,0.164765905,
411,Hazard,FALSE,FALSE,0.9960812
411,Traffic,0,FALSE,0.99993217
411,SpeedSign,-1,-1,0.7621228
411,Vehicle,6.420935797,7.820220292,
411,CenterDist,0.9858,0.189540981,
411,Relative Angle,-1.720897013,0.143846135,
412,Hazard,FALSE,FALSE,0.9970778
412,Traffic,0,FALSE,0.9999136
412,SpeedSign,-1,-1,0.8057452
412,Vehicle,6.387560146,7.353813946,
412,CenterDist,0.999397884,0.174195265,
412,Relative Angle,-1.706518739,0.119670408,
413,Hazard,FALSE,FALSE,0.99796045
413,Traffic,0,FALSE,0.99992085
413,SpeedSign,-1,-1,0.81087875
413,Vehicle,6.360064322,7.020792365,
413,CenterDist,0.9858,0.193069715,
413,Relative Angle,-1.695415488,0.103240888,
414,Hazard,FALSE,FALSE,0.9976792
414,Traffic,0,FALSE,0.99993813
414,SpeedSign,-1,-1,0.54659545
414,Vehicle,6.33901585,6.841187179,
414,CenterDist,0.999397884,0.220343109,
414,Relative Angle,-1.686745567,0.07919081,
415,Hazard,FALSE,FALSE,0.9982735
415,Traffic,0,FALSE,0.9998946
415,SpeedSign,-1,-1,0.5794974
415,Vehicle,6.324043665,6.540976465,
415,CenterDist,0.9858,0.235769872,
415,Relative Angle,-1.680555049,0.07171226,
416,Hazard,FALSE,FALSE,0.99810946
416,Traffic,0,FALSE,0.99991965
416,SpeedSign,-1,-1,0.57863206
416,Vehicle,6.316025755,6.364409626,
416,CenterDist,0.999397884,0.265623931,
416,Relative Angle,-1.67564378,0.062067275,
417,Hazard,FALSE,FALSE,0.99877757
417,Traffic,0,FALSE,0.9999064
417,SpeedSign,-1,-1,0.67722476
417,Vehicle,6.32022017,6.017020345,
417,CenterDist,0.9858,0.268820108,
417,Relative Angle,-1.671578865,0.054385516,
418,Hazard,FALSE,FALSE,0.99909115
418,Traffic,0,FALSE,0.99982905
418,SpeedSign,-1,30,0.56550395
418,Vehicle,6.342761893,5.927594006,
418,CenterDist,0.999397884,0.295818617,
418,Relative Angle,-1.66827761,0.046025014,
419,Hazard,FALSE,FALSE,0.99911565
419,Traffic,0,FALSE,0.99975187
419,SpeedSign,-1,-1,0.6025151
419,Vehicle,6.383905038,5.882482231,
419,CenterDist,0.9858,0.294685176,
419,Relative Angle,-1.665558789,0.036783074,
420,Hazard,FALSE,FALSE,0.9991598
420,Traffic,0,FALSE,0.99965477
420,SpeedSign,-1,-1,0.51152307
420,Vehicle,6.440544825,5.877509713,
420,CenterDist,0.999397884,0.284758404,
420,Relative Angle,-1.66356781,0.030613722,
421,Hazard,FALSE,FALSE,0.999315
421,Traffic,0,FALSE,0.9996617
421,SpeedSign,-1,-1,0.74458903
421,Vehicle,6.507915225,5.816729367,
421,CenterDist,0.9858,0.283909147,
421,Relative Angle,-1.662156467,0.028200272,
422,Hazard,FALSE,FALSE,0.99931836
422,Traffic,0,FALSE,0.99961984
422,SpeedSign,-1,30,0.6736492
422,Vehicle,6.586613856,5.942577124,
422,CenterDist,0.9858,0.273206489,
422,Relative Angle,-1.660941933,0.028290206,
423,Hazard,FALSE,FALSE,0.9990765
423,Traffic,0,FALSE,0.99966824
423,SpeedSign,-1,30,0.7661769
423,Vehicle,6.676881778,5.87157011,
423,CenterDist,0.999397884,0.286088141,
423,Relative Angle,-1.659760688,0.028346778,
